ID-ES,TERM-ES,,ID,TÉRMINO,Qualifier,DEFINICIÓN INICIAL,DEFINICIÓN FINAL,FUENTES ,SINÓNIMOS,OBSERVACIONES,,,,,,,,,,,,,,
1,Acanalado,,1,Cannellato,,Armatura derivata dal taffetas caratterizzata da coste orizzontali formate dalle slegature dei fili di ordito su più colpi di trama inseriti nello stesso passo. Ogni tipo di cannellato si definisce in base al numero dei colpi introdotti per ogni costa. Il cannellato di due colpi è detto Gros de Tours.,"Agg. In generale, tessuto a maglia o costole parallele alla trama, realizzate con i nodi di ordito
In generale, per un tessuto che deve essere definito nervato, devono essere indicati tre fattori: densità, tessitura (taffetà o twill) e spessore dei fili",,Cannettato,,,,,,,,,,,,,,,"1--Cannellato--Agg. In generale, tessuto a maglia o costole parallele alla trama, realizzate con i nodi di ordito
In generale, per un tessuto che deve essere definito nervato, devono essere indicati tre fattori: densità, tessitura (taffetà o twill) e spessore dei fili"
2,Acanalado,,2,Cannellato,,,"Tessuto di seta che aveva la trama a formare scanalature. C'erano diverse classi: quella con una semplice scanalatura e quella con piccoli quadrati o mattoni, entrambe con due facce formate da ordito o trama formando una fascia composta da scanalature. I diversi tipi di scanalature vengono solitamente denominati in base all'aspetto finale del tessuto o al rilievo dell'effetto scanalato",,,,,,,,,,,,,,,,,"2--Cannellato--Tessuto di seta che aveva la trama a formare scanalature. C'erano diverse classi: quella con una semplice scanalatura e quella con piccoli quadrati o mattoni, entrambe con due facce formate da ordito o trama formando una fascia composta da scanalature. I diversi tipi di scanalature vengono solitamente denominati in base all'aspetto finale del tessuto o al rilievo dell'effetto scanalato"
4,Acanalado alterno,,4,Cannellato alternativo,,Specie di nervature trasversali le cui linee costituite da nodi di ordito a destra e da un punto di rilegatura all'indietro sono alternativamente formate dai fili pari e dispari,,,,,,,,,,,,,,,,,,4--Cannellato alternativo--
5,Acanalado con dos urdimbres,,5,Cannellato semplice,,Cannellato con ordito supplementare detto 'di pelo' che slega su più colpi di trama a formare le coste orizzontali sull'armatura di fondo taffetas,Cannellato con ordito supplementare detto 'di pelo' che slega su più colpi di trama a formare le coste orizzontali sull'armatura di fondo taffetas,,,,,,,,,,,,,,,,,5--Cannellato semplice--Cannellato con ordito supplementare detto 'di pelo' che slega su più colpi di trama a formare le coste orizzontali sull'armatura di fondo taffetas
6,Acanalado contramostrado,,6,Cannetillé,,"Cannellato variante del cannellato semplice che presenta però le coste orizzontali interrotte ed alternate, così da formare una superficie caratterizzata da piccoli quadrati o rettangoli alternati a scacchiere","Cannellato variante del cannellato semplice che presenta però le coste orizzontali interrotte ed alternate, così da formare una superficie caratterizzata da piccoli quadrati o rettangoli alternati a scacchiere","Tamara BOCCHERINI, Paola MARABELLI, Atlante di Storia del Tessuto, Itinerario nell'arte tessile dall'antichità al Déco,1995 Firenze.",,,,,,,,,,,,,,,,"6--Cannetillé--Cannellato variante del cannellato semplice che presenta però le coste orizzontali interrotte ed alternate, così da formare una superficie caratterizzata da piccoli quadrati o rettangoli alternati a scacchiere"
7,Acanalado de las Indias,,7,Cannellato delle Indie,,"Solchi trasversali con aspetto satinato, i cui canali leggermente sporgenti sono formati contraendo i fili grezzi di un ordito dando effetto sopra un'armatura prodotta dai fili di un ordito di fondo.",,,,,,,,,,,,,,,,,,7--Cannellato delle Indie--
400,Acanalado longitudinal,,400,Cannellato longitudinale,,"Scanalature longitudinali, con ordito spesso e poco denso, e passaggi fini di molto conto.",,,,,,,,,,,,,,,,,,400--Cannellato longitudinale--
399,Acanalado oblícuo,,399,Cannellato obliquo,,"I derivati del raso vengono definiti ondulazioni oblique quando producono solchi o piccoli canali simili a quelli formati dai teletoni o solchi derivati dal taffetà, ma disposti in una linea obliqua.",,,,,,,,,,,,,,,,,,399--Cannellato obliquo--
401,Acanalado transversal,,401,Cannellato trasversale,,"Derivati di taffetà che si ottengono in due modi: 1) usando fili sottili e densi e passaggi grossolani e poco conto, 2) Usando due fasci di ordito, uno per i fili pari, a cui verrà dato molta tensione, e l'altro per quelli dispari, che sarà più debole o viceversa.",,,,,,,,,,,,,,,,,,401--Cannellato trasversale--
,,,,,,,Der. dallo spagnolo: Antico indumeto di velluto color oliva,,,,,,,,,,,,,,,,,----Der. dallo spagnolo: Antico indumeto di velluto color oliva
9,Aceituní ,,9,Aceituní ,,"Colore verde oliva Tessuto molto ricco, di seta intagliata usata nel Medioevo portata dall'Oriente. Prese il nome dal termine ""az-zeituní"" derivato dal nome della città cinese di Tsen-Thung. Antico vestito di velluto di colore verde oliva.","Der. dallo spagnolo:Tessuto molto ricco, di seta lavorata usata nel Medioevo portata dall'Oriente. Prese il nome dal termine ""az-zeituní"" derivato dal nome della città cinese di Tsen-Thung da dove fu portato il tessuto",,,,,,,,,,,,,,,,,"9--Aceituní --Der. dallo spagnolo:Tessuto molto ricco, di seta lavorata usata nel Medioevo portata dall'Oriente. Prese il nome dal termine ""az-zeituní"" derivato dal nome della città cinese di Tsen-Thung da dove fu portato il tessuto"
8,Acolchado,,8,Matelassé,,"Particolare tipo di tessuto, generalmente di seta, a due strati, uno con disegni lineari, l'altro con figure. É detto in italiano tessuto martellato, trapunto con leggera imbottitura, propriamente 'materassato'. É anche in raso, lana per vestaglie, coperte, ecc. Voce francese dervivante da matelas, variante di materas, prestito dell'italiano materasso, a sua volta dall'arabo matrah, passata anche all'inglese.",,"ANIELLO GENTILE, Dizionario etimologico dell'arte tessile, Napoli, 1981.",,,,,,,,,,,,,,,,8--Matelassé--
10,Adamascado ,,10,Damascato,,"agg. tipo  di tessuto che impiega cotone, lino, canapa e anche filati di natura diversa, in ordito e trama, che deriva il sistema di lavorazione dal damasco classico di seta. I damascati di lino e di cotone sono particolarmente impiegati per tovaglierie. Erano celebri già nel sec. XVI quelli delle Fiandre e del Belgio. ",,"ANIELLO GENTILE, Dizionario etimologico dell'arte tessile, Napoli, 1981.",,,,,,,,,,,,,,,,10--Damascato--
,,,,,,,,,,,,,,,,,,,,,,,,----
12,Adúcar ,,12,Bavella,,"(-ina), nel XVI sec. s.f. Uno dei due fili di fibroina che compongono la bava serica; tessuto fatto con lo strato esterno del bozzolo; seta di cascame, chiamata in fr. bourette. Il tessuto è detto anche seta di bavella e raso di bavella. Der.: di bava",,"ANIELLO GENTILE, Dizionario etimologico dell'arte tessile, Napoli, 1981.",,,,,,,,,,,,,,,,12--Bavella--
14,Adúcar  ,,14,Seta shappe,,,"Tessuto di seta con fili di taffettà e seta con bavella o seta fioretto estratti dalle gemme doppie, cioè quelli che sono stati ricoperti da due o più bachi insieme e per i quali viene seguito il processo di filatura del filamento. Viene utilizzata anche la lanugine di seta che circonda il bozzolo.",,,,,,,,,,,,,,,,,"14--Seta shappe--Tessuto di seta con fili di taffettà e seta con bavella o seta fioretto estratti dalle gemme doppie, cioè quelli che sono stati ricoperti da due o più bachi insieme e per i quali viene seguito il processo di filatura del filamento. Viene utilizzata anche la lanugine di seta che circonda il bozzolo."
15,Afelpado ,,15,Felpato,,#REF!,agg. ' tessuto simile alla felpa',"ANIELLO GENTILE, Dizionario etimologico dell'arte tessile, Napoli, 1981.",,,,,,,,,,,,,,,,15--Felpato--agg. ' tessuto simile alla felpa'
17,Afelpar,,17,Felpare,,foderare o rivestire di felpa',foderare o rivestire di felpa',"ANIELLO GENTILE, Dizionario etimologico dell'arte tessile, Napoli, 1981.",,,,,,,,,,,,,,,,17--Felpare--foderare o rivestire di felpa'
18,Agremán ,,18,cordoncino,,"Tessuto a treccia di seta, tipico del XIX secolo, a forma di nastro, in cui si inseriscono vetro e smalti che imitano il gaietto. Viene utilizzato per cappotti da donna e per abbellire sedie e tendaggi",,,,,,,,,,,,,,,,,,18--cordoncino--
19,Alama ,,19,Alama ,,Tessuto oro e argento in cui i fili di questi metalli formano il tessuto e brillano senza passare attraverso il retro,,,,,,,,,,,,,,,,,,19--Alama --
20,Alberoni,,20,Alberoni,,"Tessuto del XVI secolo realizzato con fili e disegni in oro, nel XVIII secolo era di seta. 2. Tessuto di qualità, che aveva l'ordito di seta e filo d'oro e la trama di seta o di capra di Angora, prodotto a Leida (Olanda) nel XVIII secolo, esportato nelle colonie spagnole d'America.",,,,,,,,,,,,,,,,,,20--Alberoni--
21,Alcarchofado ,,21, Accarciofato,,Ricamo a forma di carciofo. Tessuti in seta lavorati in oro o argento con un disegno di carciofo.,,,,,,,,,,,,,,,,,,21-- Accarciofato--
,,,,,,,,,,,,,,,,,,,,,,,,----
23,Alcatifa ,,23,Alcatifa ,,Tappeto o rivestimento di seta o lana che viene usato per coprire tavoli o panche. Tappeto arabo sottile,,,,,,,,,,,,,,,,,,23--Alcatifa --
25,Alepín ,,25,Aleppina,,"s.f. Sorta di tessuto molto fine. Dal nome della città Aleppo (siria) da cui proveniva e che, specie nel corso del sec. XVI, era un importantissimo centro di produzione di tessuti di seta e di tappeti, che accentrava inoltre gran parte del commercio proveniente dall'India, dalla Persia e dall' Armenia ed esportava a sua volta in Europa attraverso i mercanti veneziani, genovesi, marsigliesi e olandesi, tedeschi e inglesi.","Tessuto originariamente prodotto ad Aleppo (Siria). Forte tessuto di seta la cui armatura appariva sulla superficie principale del tessuto formando linee o strisce longitudinali, in modo che l'ordito servisse solo a collegarsi con la trama al di sotto delle strisce, così che difficilmente veniva apprezzato dalla faccia del tessuto. I bordi di questo tessuto erano di grodetur, parte di colore bianco, e gli ultimi fili del colore del pezzo, generalmente era nero. In Europa, il principale centro di produzione di aleppina era l'Inghilterra. Intorno al 1790 iniziò la produzione e l'esportazione di aleppina francese. In Spagna è stato ampiamente utilizzato all'inizio del 20 ° secolo",,,,,,,,,,,,,,,,,"25--Aleppina--Tessuto originariamente prodotto ad Aleppo (Siria). Forte tessuto di seta la cui armatura appariva sulla superficie principale del tessuto formando linee o strisce longitudinali, in modo che l'ordito servisse solo a collegarsi con la trama al di sotto delle strisce, così che difficilmente veniva apprezzato dalla faccia del tessuto. I bordi di questo tessuto erano di grodetur, parte di colore bianco, e gli ultimi fili del colore del pezzo, generalmente era nero. In Europa, il principale centro di produzione di aleppina era l'Inghilterra. Intorno al 1790 iniziò la produzione e l'esportazione di aleppina francese. In Spagna è stato ampiamente utilizzato all'inizio del 20 ° secolo"
,,,,,,,,,,,,,,,,,,,,,,,,----
28,Alfombra ,,28,Tappeto,,"s.m. tessuto grosso più o meno peloso, di varia materia a seconda dell'uso, adatto a coprire pavimenti e tavoli o a rivestire pareti. I tappeti possono essere tessuti a macchina o annodati a mano. L'annodatura, che è l'unione dei fili di catena con quelli di trama, è la caratteristic di quelli fabbricati a mano. I tipi più comuni di annodatura sono quelle dette ghiordes e senneh. I tappeti piu pregiati sono gli orientali. Un tappeto particolare è quello che va totto il nome di moquette. Dal lat. tappētum (tapēte, tapēs), dal gr. Tápēs -ētos, di origine orientale, forse iranica.",,,,,,,,,,,,,,,,,,28--Tappeto--
29,Alma ,,29,Anima,,"s.f. Filo di seta, canapa, lino, ecc. attorno al quale si avvolge a spirale altro filo",,,,,,,,,,,,,,,,,,29--Anima--
31,Altibajo ,,31,Altibajo ,,"Velluto lavorato, la parte superiore presentava ricami o fiori, mentre nella parte sotto mostrava il raso. Proprio dei secoli XV e XVI",,,,,,,,,,,,,,,,,,31--Altibajo --
32,Anafaya ,,32,Anafaya ,,"Dall' arabo annafaya, Tessuto pregiato che è stato tessuto in cotone o seta e successivamente imitato in seta. Legamento di taffettà",,,anafalla,,,,,,,,,,,,,,,32--Anafaya --
36,Anascote ,,36,Anacoste,," É la voce fr. anacoste (sec. XVIII), (an)ascot, arscot ' tela di lino forte usata per la rilegatura dei libri in Francia'. Da Hondscote (Francia). Nel XVIII sec. la voce passò anche in Spagna.",,"ANIELLO GENTILE, Dizionario etimologico dell'arte tessile, Napoli, 1981.",,,,,,,,,,,,,,,,36--Anacoste--
99,Ancho casulla,,99,,,,,,,,,,,,,,,,,,,,,99----
66,Ancho de tela,,66,Altezza,, Larghezza del tessuto misurata da una cimosa all'altra,Larghezza del tessuto misurata da una cimosa all'altra,"Tamara BOCCHERINI, Paola MARABELLI, Atlante di Storia del Tessuto, Itinerario nell'arte tessile dall'antichità al Déco,1995 Firenze.",,,,,,,,,,,,,,,,66--Altezza--Larghezza del tessuto misurata da una cimosa all'altra
38,Aplicación ,,38,Applicazione,,"Tecnica decorativa utilizzata nel ricamo che consiste nell'aggiungere e fissare su un tessuto principale, o una base, frammenti di altri tessuti diversi per comporre un certo ornamento. Ricamo dell'applicazione. Tecnica ampiamente utilizzata nella preparazione di gonfalone araldici."," Dal latino Applicatio e significa ""azione ed effetto dell'applicazione"". Tecnica decorativa utilizzata nel ricamo che consiste nell'aggiungere e fissare su un tessuto principale, o una base, frammenti di altri tessuti diversi per comporre un certo ornamento. Ricamo dell'applicazione",,,,,,,,,,,,,,,,,"38--Applicazione-- Dal latino Applicatio e significa ""azione ed effetto dell'applicazione"". Tecnica decorativa utilizzata nel ricamo che consiste nell'aggiungere e fissare su un tessuto principale, o una base, frammenti di altri tessuti diversi per comporre un certo ornamento. Ricamo dell'applicazione"
39,Aplicación ,,39,Aplicación ,,,Ornamenti eseguiti in un materiale diverso da un altro a cui è sovrapposto,,,,,,,,,,,,,,,,,39--Aplicación --Ornamenti eseguiti in un materiale diverso da un altro a cui è sovrapposto
403,Arcada,,403,Arcata,,1- Ciascuna delle corde che collega una maglia con la corda del ramo. 2- Corda fine che collega il maglione alla corda del ramo nel telaio al tiro o alla macchina Jacquard,1- Ciascuna delle corde che collega una maglia con la corda del ramo. 2- Corda fine che collega il maglione alla corda del ramo nel telaio al tiro o alla macchina Jacquard,,,,,,,,,,,,,,,,,403--Arcata--1- Ciascuna delle corde che collega una maglia con la corda del ramo. 2- Corda fine che collega il maglione alla corda del ramo nel telaio al tiro o alla macchina Jacquard
41,Arnés,,41,Rimessa,,"Set di un telaio, licci e cuscini progettati per guidare i fili dell'ordito; è usato più essenzialmente per designare i licci nella produzione dei tessuti lisci",,,montura,,,,,,,,,,,,,,,41--Rimessa--
42,Arrasado ,,42,Rasato,,s.f . operazione di lisciatura delle stoffe. Vedi Satinato?,,,,,,,,,,,,,,,,,,42--Rasato--
43,Asargado ,,43, Saia,,"s.f. In tessitura è un'amatura fondamentale, detta anche sargia, spiga spina, dalla quale derivano moltissime armature, genericamente dette diagonali (spigati, batavie, levantine), perchè mostrano rigature oblique dovute al fatto che i punti di legatura dell'intreccio procedono lungo una diagonale più o meno obliqua a seconda del numero dei fili al cm. dell'ordito e della trama. Nel medioevo indicava un tessuto spinato di lana per vesti femminili. Lat. mediev. saia, sagia, sagla, in documenti di Firenze, Udine, Venezia del XIII e XIV sec. Der. dal fr. a. saie (XIII sec.) a sua volta dal lat. saga, der. di sagum 'panno di lana usato come mantello militare', di origine gallica.",,"ANIELLO GENTILE, Dizionario etimologico dell'arte tessile, Napoli, 1981.","Twill, sargia, spigato,spinato",,,,,,,,,,,,,,,43-- Saia--
44,Atafetanado ,,44,Atafetanado ,,,Agg. La denominazione si applica ai tessuti che hanno somiglianza con il taffetà,,,,,,,,,,,,,,,,,44--Atafetanado --Agg. La denominazione si applica ai tessuti che hanno somiglianza con il taffetà
47,Aterciopelado ,,47,Vellutato,,termine per tessuti che hanno una superficie pelosa o che sembrano velluto,"Agg. termine per tessuti che hanno una superficie pelosa o che sembrano velluto, o fatti a somiglianza del velluto",,,,,,,,,,,,,,,,,"47--Vellutato--Agg. termine per tessuti che hanno una superficie pelosa o che sembrano velluto, o fatti a somiglianza del velluto"
48,Atirelado,,48,Atirelado ,,tela pronta,Agg. detto di una tela tessuta pronta ,,,,,,,,,,,,,,,,,48--Atirelado --Agg. detto di una tela tessuta pronta 
49,Atisuado ,,49,Atisuado ,,Detto di nastri o altri tessuti che hanno qualche somiglianza con il tessuto tisú,,,,,,,,,,,,,,,,,,49--Atisuado --
51,Atractiva ,,51,Atractiva ,,Tessuto con ordito in seta granata e trame fantasia in seta,Tessuto con ordito in seta granata e trame fantasia in seta,,,,,,,,,,,,,,,,,51--Atractiva --Tessuto con ordito in seta granata e trame fantasia in seta
52,Aurora ,,52,Aurora ,,,Color rosa dorato pallido e delicado,,,,,,,,,,,,,,,,,52--Aurora --Color rosa dorato pallido e delicado
53,Aurora ,,53,Aurora ,,Color rosa dorato pallido e delicado. Tessuto in seta di questo colore,Tessuto in seta di questo colore,,,,,,,,,,,,,,,,,53--Aurora --Tessuto in seta di questo colore
54,Austria ,,54,Austria ,,"Si chiama così il tessuto, generalmente con trama di raso di cinque, ordito di seta grezza e trama di cotone. Generalmente utilizzato per le fodere.","Tessuto con ordito in seta grezza e trama in cotone, solitamente con cinque armature in raso. Utilizzato per i rivestimenti del vestito",,,,,,,,,,,,,,,,,"54--Austria --Tessuto con ordito in seta grezza e trama in cotone, solitamente con cinque armature in raso. Utilizzato per i rivestimenti del vestito"
55,Azache ,,55,Seta fioretto,,"s.m. Nell'industria tessile è una seta di qualità scadente, molto sottile, ricavata da bozzoli avariati o dalle faloppe, che sono bozzoli del baco rimasti incompleti per la morte della larva; borra di seta. Il termine è documentato nella corrispondenza dei mercati fiorentini da Bruges dell'a. 1935: '... vi facciamo asapere aviemo tolto il fioreto di 100 balle...' (Archivio Datini in Prato, Cartella Barcellona). Der. da fiore. Detta anche terzanella s.f. Seta di qualità scadente ricavata dai bozzoli incompiuti per la morte del baco, macchiati o avariati. Lat. mediev. tersanellum ' tessuto di seta a più doppi', fr. tercenelle ' specie di stoffa'. Forse da terzo.  detta anche Borra di seta",,"ANIELLO GENTILE, Dizionario etimologico dell'arte tessile, Napoli, 1981.",,,,,,,,,,,,,,,,55--Seta fioretto--
56,Balastri,,56,Balastri,,Nome con il quale l'area di Izmir è denominata per i migliori tessuti o broccati d'oro realizzati a Venezia,,,,,,,,,,,,,,,,,,56--Balastri--
,,,,,,,,,,,,,,,,,,,,,,,,----
,,,,,,,,,,,,,,,,,,,,,,,,----
60,Basta ,,60,Slegatura,,Passaggio di un filo di ordito sopra più colpi consecutivi di trama oppure di un colpo di trama sopra più fili di ordito consecutivi,Passaggio di un filo di ordito sopra più colpi consecutivi di trama oppure di un colpo di trama sopra più fili di ordito consecutivi,"Tamara BOCCHERINI, Paola MARABELLI, Atlante di Storia del Tessuto, Itinerario nell'arte tessile dall'antichità al Déco,1995 Firenze.",,,,,,,,,,,,,,,,60--Slegatura--Passaggio di un filo di ordito sopra più colpi consecutivi di trama oppure di un colpo di trama sopra più fili di ordito consecutivi
72,Batán,,72,Battente,,Parte del telaio dove va fissato il pettine serve a regolare la trama,"parte del telaio a cui è collegato il movimento oscillatorio del pettine, serve per regolare la trama",,,,,,,,,,,,,,,,,"72--Battente--parte del telaio a cui è collegato il movimento oscillatorio del pettine, serve per regolare la trama"
,,,,,,,,,,,,,,,,,,,,,,,,----
62,Batavia ,,62,Batavia ,,,"s. f. Tessuto a rigature diagonali ottenute intrecciando i fili nella tessitura.  È uno dei tipi di armatura, che è l'intreccio dei fili dell'ordito con quelli della trama. ° Dal nome della città di Batavia, nell'isola di Giava, nome che nel 1619 gli Olandesi dettero a Djakarta. La voce è usata anche nel francese, batavia ' sorte d'étoffe'.","BEANIELLO GENTILE, Dizionario etimologico dell'arte tessile, Napoli, 1981.",sarga batavia,,,,,,,,,,,,,,,"62--Batavia --s. f. Tessuto a rigature diagonali ottenute intrecciando i fili nella tessitura.  È uno dei tipi di armatura, che è l'intreccio dei fili dell'ordito con quelli della trama. ° Dal nome della città di Batavia, nell'isola di Giava, nome che nel 1619 gli Olandesi dettero a Djakarta. La voce è usata anche nel francese, batavia ' sorte d'étoffe'."
63,Batido de la seda,,63,Torcitura,,,"Torcere insieme due o più filamenti singoli, di solito nella direzione opposta alla direzione del mandrino, o torcere un singolo filo per ottenere una filettatura più spessa e più rigida",,,,,,,,,,,,,,,,,"63--Torcitura--Torcere insieme due o più filamenti singoli, di solito nella direzione opposta alla direzione del mandrino, o torcere un singolo filo per ottenere una filettatura più spessa e più rigida"
,,,,,,,,,,,,,,,,,,,,,,,,----
65,Batik ,,65,Bathik ,,"
","
 Tecnica di stampa per riserva, ovvero il decoro è ottenuto 'riservando', cioè coprendo, le zone che non si vogliono tingere. Nel Bathik la 'riserva' è eseguita con uno strumento chiamato canting formato da un piccolo recipiente che contiene cera riscaldata e un beccuccio dal quale la cera viene fatta colare sul tessuto creando il disegno. Un altro strumento ultilizzato  per riservare è il cap, un timbro in metallo che riscaldato viene immerso nella cera fusa e poi premuto sul tessuto lasciando che questo impregni  di cera. Sono usati anche blocchi di legno intagliati. una volta riservate tutte le parti del tessuto che non devono essere colorate si procede alla tintura per immersione e successivamente si provvede ad eliminare a caldo la cera. Per realizzare decorazioni a più colori l'operazione di ceratura e di tintura deve essere ripetuta per ogni colore.","Tamara BOCCHERINI, Paola MARABELLI, Atlante di Storia del Tessuto, Itinerario nell'arte tessile dall'antichità al Déco,1995 Firenze.",,,,,,,,,,,,,,,,"65--Bathik --
 Tecnica di stampa per riserva, ovvero il decoro è ottenuto 'riservando', cioè coprendo, le zone che non si vogliono tingere. Nel Bathik la 'riserva' è eseguita con uno strumento chiamato canting formato da un piccolo recipiente che contiene cera riscaldata e un beccuccio dal quale la cera viene fatta colare sul tessuto creando il disegno. Un altro strumento ultilizzato  per riservare è il cap, un timbro in metallo che riscaldato viene immerso nella cera fusa e poi premuto sul tessuto lasciando che questo impregni  di cera. Sono usati anche blocchi di legno intagliati. una volta riservate tutte le parti del tessuto che non devono essere colorate si procede alla tintura per immersione e successivamente si provvede ad eliminare a caldo la cera. Per realizzare decorazioni a più colori l'operazione di ceratura e di tintura deve essere ripetuta per ogni colore."
67,Batista de seda ,,67,Batista di seta,,,"Dal fr. Batista, alludendo a Baptiste Chambray, vero nome del primo produttore di questo tessuto. Tessuto in taffetà realizzato con l'ordito di cotone e la trama con filo di seta. Tessuto dall'aspetto molto fine",,,,,,,,,,,,,,,,,"67--Batista di seta--Dal fr. Batista, alludendo a Baptiste Chambray, vero nome del primo produttore di questo tessuto. Tessuto in taffetà realizzato con l'ordito di cotone e la trama con filo di seta. Tessuto dall'aspetto molto fine"
68,Bayadera ,,68,Baiadera ,,Tessuto a fasce orizzontali prodotte dall'accostamento di armature diverse. / s.f. Oltre che 'danzatrice indù' la voce designa un tessuto di seta o di raion rigato per traverso a tinte vivaci con evidente riferimento all'abbigliamento delle danzatrici., Tessuto a fasce orizzontali prodotte dall'accostamento di armature diverse. / s.f. Oltre che 'danzatrice indù' la voce designa un tessuto di seta o di raion rigato per traverso a tinte vivaci con evidente riferimento all'abbigliamento delle danzatrici.,"ANIELLO GENTILE, Dizionario etimologico dell'arte tessile, Napoli, 1981; Tamara BOCCHERINI, Paola MARABELLI, Atlante di Storia del Tessuto, Itinerario nell'arte tessile dall'antichità al Déco,1995 Firenze.",,,,,,,,,,,,,,,,68--Baiadera -- Tessuto a fasce orizzontali prodotte dall'accostamento di armature diverse. / s.f. Oltre che 'danzatrice indù' la voce designa un tessuto di seta o di raion rigato per traverso a tinte vivaci con evidente riferimento all'abbigliamento delle danzatrici.
69,Belelachs ,,69,Belelachs ,,"Tessuto in seta simile al taffettà, prodotto in Bengala. Gli inglesi lo trasportavano come tessuto in grande quantità dal Chennai alle Filippine","Tessuto in seta simile al taffettà, prodotto in Bengala. Gli inglesi lo trasportavano come tessuto in grande quantità dal Chennai alle Filippine",,,,,,,,,,,,,,,,,"69--Belelachs --Tessuto in seta simile al taffettà, prodotto in Bengala. Gli inglesi lo trasportavano come tessuto in grande quantità dal Chennai alle Filippine"
71,Bengala ,,71,Bengala ,,,"Tessuto derivato dalla mussola, chiamato così per la sua provenienza",,,,,,,,,,,,,,,,,"71--Bengala --Tessuto derivato dalla mussola, chiamato così per la sua provenienza"
70,Bengalina ,,70,Bengalina ,,,"s.f. Stoffa di lana o di seta a trama cordonata; tipo di mussolina originaria del bengala nell'India, da cui il nome.","ANIELLO GENTILE, Dizionario etimologico dell'arte tessile, Napoli, 1981.",,,,,,,,,,,,,,,,"70--Bengalina --s.f. Stoffa di lana o di seta a trama cordonata; tipo di mussolina originaria del bengala nell'India, da cui il nome."
404,Berclé,,404,Berclé,,Disegno dell'effetto prodotto congiuntamente da due trame di diverso colore o tonalità e in cui alternano il loro ruvido,,,,,,,,,,,,,,,,,,404--Berclé--
73,Blonda ,,73,Blonda ,,,"s. f. nome di un merletto fatto originariamente con seta cruda, che è di colore biondo. Adattamento italiano del fr. blonde","ANIELLO GENTILE, Dizionario etimologico dell'arte tessile, Napoli, 1981.",chantilly,,,,,,,,,,,,,,,"73--Blonda --s. f. nome di un merletto fatto originariamente con seta cruda, che è di colore biondo. Adattamento italiano del fr. blonde"
74,Blonda brillante ,,74,Blonda brillante ,,, Realizzata a mano e confezionata in seta rossa che le dona lucentezza,,,,,,,,,,,,,,,,,74--Blonda brillante -- Realizzata a mano e confezionata in seta rossa che le dona lucentezza
75,Blonda bruselas ,,75,Blonda bruselas ,,,"Tessuto molto sottile e delicato, fatto con seta granatina tessuta a punto medio, che forma riflessi trasparenti",,,,,,,,,,,,,,,,,"75--Blonda bruselas --Tessuto molto sottile e delicato, fatto con seta granatina tessuta a punto medio, che forma riflessi trasparenti"
76,Blonda castañuela ,,,,,,,,,,,,,,,,,,,,,,,----
77,Blonda española ,,77,Blonda española ,,,Caratterizzato dall'essere ornato con fiori molto pronunciati e dall'onda densa,,,,,,,,,,,,,,,,,77--Blonda española --Caratterizzato dall'essere ornato con fiori molto pronunciati e dall'onda densa
78,Blonda granadina ,,78,Blonda granadina ,,,Il tessuto esclusivamente con questo tipo di seta proveniente da Granada,,,,,,,,,,,,,,,,,78--Blonda granadina --Il tessuto esclusivamente con questo tipo di seta proveniente da Granada
,,,,,,,,,,,,,,,,,,,,,,,,----
80,Blondina ,,80,Blondina ,,,"Stretto pizzo di seta, anche merletto di pizzo stretto, con la stessa tecnica del blonda, usato per adornare abiti e altre confezioni",,,,,,,,,,,,,,,,,"80--Blondina --Stretto pizzo di seta, anche merletto di pizzo stretto, con la stessa tecnica del blonda, usato per adornare abiti e altre confezioni"
82,Bobillo  ,,82,Bobillo  ,,,"Antico merletto di seta indossato dalle donne attorno alla scollatura che cadeva come una vallone, o posto come ornamento intorno al collo in abiti da donna, con un gusher che cadeva di fronte",,,,,,,,,,,,,,,,,"82--Bobillo  --Antico merletto di seta indossato dalle donne attorno alla scollatura che cadeva come una vallone, o posto come ornamento intorno al collo in abiti da donna, con un gusher che cadeva di fronte"
263,Bobina,,263,Bobina,,"Cilindro di filo, cordoncino, ecc., Avvolto attorno ad un tubo di cartone o altro materiale.",,,,,,,,,,,,,,,,,,263--Bobina--
84,Bolla ,,84,Bolla ,,,"Imposta da pagare per i tessuti di seta. Marchio normalmente di piombo - in alcune occasioni di cera o cartoncino con il nome della fabbrica dove era stato tessuto, Si apponeva alla seteria quando si pagava la menzionata tassa e certificava che il tessuto era conforme alle ordinanze ed era realizzato in base al peso, al conto e alla marca contrassegnati dalla legge.",,,,,,,,,,,,,,,,,"84--Bolla --Imposta da pagare per i tessuti di seta. Marchio normalmente di piombo - in alcune occasioni di cera o cartoncino con il nome della fabbrica dove era stato tessuto, Si apponeva alla seteria quando si pagava la menzionata tassa e certificava che il tessuto era conforme alle ordinanze ed era realizzato in base al peso, al conto e alla marca contrassegnati dalla legge."
86,Bordadillo ,,86,Bordiglio,,,"s.m. ant. Sorta di tessuto. Indica acnhe 'grossezza del filo'. Per aplologia, dallo spagnolo bordadillo, specie di taffetà ricamato a sua volta da bordato 'orlato, ricamato'.","ANIELLO GENTILE, Dizionario etimologico dell'arte tessile, Napoli, 1981.",,,,,,,,,,,,,,,,"86--Bordiglio--s.m. ant. Sorta di tessuto. Indica acnhe 'grossezza del filo'. Per aplologia, dallo spagnolo bordadillo, specie di taffetà ricamato a sua volta da bordato 'orlato, ricamato'."
87,Bordado ,,87,Bordado,,,"Termine derivato dallo spagnolo: Tessuto le cui due facce, simili o diverse per intreccio, colore o disegno, possono essere usate indiscriminatamente come diritto del tessuto. Il nome di un legamento seguito dall'espressione ""a due facce""  (taffettà a due facce, raso a due faccei) indica che le due facce del tessuto sono costituiti da quell'intreccio per trama e ordito",,,,,,,,,,,,,,,,,"87--Bordado--Termine derivato dallo spagnolo: Tessuto le cui due facce, simili o diverse per intreccio, colore o disegno, possono essere usate indiscriminatamente come diritto del tessuto. Il nome di un legamento seguito dall'espressione ""a due facce""  (taffettà a due facce, raso a due faccei) indica che le due facce del tessuto sono costituiti da quell'intreccio per trama e ordito"
88,Bordar ,,88,Ricamare,,,"v. tr. Eseguire su tela, seta, velluto o qualsiasi altro tessuto una decorazione o un disegno ad ago. Voce entrata nell'italiano intorno al Mille, quando cioè gli Arabi introdussero in Italia attraverso la Sicilia l'arte del ricamo. Deriva infatti dall' arabo raqama, raqqama, 'ricamare, tessere una stoffa', e più generalmente ' lasciare un 'impronta sia con i punti, con cifre o con la scrittura. Dall'italiano ricamare deriva a sua volta lo spagnolo recamar, attestato nella forma riquamar alla fine del XV secolo. i dialetti meridionali presentano forme non dissimilate, più vicine alla forma araba come il siciliano arraccamari, raccamari, napoletano antico racamato 'sfilato, lavorato con aco', racamatore ' lavoratore con lo aco' come del resto l'italiano antico, lucchese e fiorentino racamare (XV sec.)","ANIELLO GENTILE, Dizionario etimologico dell'arte tessile, Napoli, 1981.",,,,,,,,,,,,,,,,"88--Ricamare--v. tr. Eseguire su tela, seta, velluto o qualsiasi altro tessuto una decorazione o un disegno ad ago. Voce entrata nell'italiano intorno al Mille, quando cioè gli Arabi introdussero in Italia attraverso la Sicilia l'arte del ricamo. Deriva infatti dall' arabo raqama, raqqama, 'ricamare, tessere una stoffa', e più generalmente ' lasciare un 'impronta sia con i punti, con cifre o con la scrittura. Dall'italiano ricamare deriva a sua volta lo spagnolo recamar, attestato nella forma riquamar alla fine del XV secolo. i dialetti meridionali presentano forme non dissimilate, più vicine alla forma araba come il siciliano arraccamari, raccamari, napoletano antico racamato 'sfilato, lavorato con aco', racamatore ' lavoratore con lo aco' come del resto l'italiano antico, lucchese e fiorentino racamare (XV sec.)"
405,Bordón,,405,Costa,,"Der. Spagnolo. Linea verticale, orizzontale o obliqua, più o meno sporgente, costituita sulla superficie del tessuto dall'intreccio dei fili di trama e ordito",,,,,,,,,,,,,,,,,,405--Costa--
89,Borla ,,89,Borla ,,,"Dal volgare latino burrŭla. Set di fili o corde in vari materiali come cotone, seta, oro, argento, ecc; raccolti da una delle loro estremità e sciolti dall'altra, sono appesi sotto forma di cilindro o mezza palla
",,,,,,,,,,,,,,,,,"89--Borla --Dal volgare latino burrŭla. Set di fili o corde in vari materiali come cotone, seta, oro, argento, ecc; raccolti da una delle loro estremità e sciolti dall'altra, sono appesi sotto forma di cilindro o mezza palla
"
90,Borra de seda ,,90,Borra di seta,,,"detta anche Roccadino s.m. Der. da rocca. Sottoprodotto della cardatura e della pettinatura della lana, consistente in una massa di fibre corte, disuguali e arruffate. Viene ugualmente utilizzato, dopo opportuna lavorazione, per fabbricare un filato chiamato bourette. È anche chiamato filadiz, ed è filato grezzo prodotto dalla filatura della seta di scarto che viene estratto con il pettine cardante, dopo aver separato la seta fine dai bozzoli.",,,,,,,,,,,,,,,,,"90--Borra di seta--detta anche Roccadino s.m. Der. da rocca. Sottoprodotto della cardatura e della pettinatura della lana, consistente in una massa di fibre corte, disuguali e arruffate. Viene ugualmente utilizzato, dopo opportuna lavorazione, per fabbricare un filato chiamato bourette. È anche chiamato filadiz, ed è filato grezzo prodotto dalla filatura della seta di scarto che viene estratto con il pettine cardante, dopo aver separato la seta fine dai bozzoli."
92,Brillantina ,,92,Brillantino,,,"s.m. Der. brillante. Questa denominazione è stata data anche al brillante di seta, così come al percalle brillante che è stato usato per le fodere. Ordito in seta grezza e trama in rayon e viscosa. Solitamente utilizzato per le fodere. Nome con cui si designa un tipo di tessuto di seta, di cotone o di fibra artificiale operato in lucido.",,brillante di seta,,,,,,,,,,,,,,,"92--Brillantino--s.m. Der. brillante. Questa denominazione è stata data anche al brillante di seta, così come al percalle brillante che è stato usato per le fodere. Ordito in seta grezza e trama in rayon e viscosa. Solitamente utilizzato per le fodere. Nome con cui si designa un tipo di tessuto di seta, di cotone o di fibra artificiale operato in lucido."
,,,,,,,,,,,,,,,,,,,,,,,,----
95,Brocadillo ,,95,Brocadillo,,,"Der. broccato.Tessuto di seta e oro o altri metalli preziosi, di qualità inferiore e più leggero del broccato di tre altezze, e come questo con disegni prodotti al jacquard. Tipico del XVI e XVII secolo. Generalmente di due colori: sfondo bianco con fiori o disegni d'oro e disegni cremisi, blu o giallo. Serviva per tessuti ecclesiastici e abiti. Anche per tappezzeria. Il più famoso è stato tessuto a Venezia. C'era anche solo in seta o solo in lana. s.m. Tessuto a grandi disegni rilevati, a doppio ordito e a trama di due qualità, una di setae l'altra di lino, più leggero del broccato. E' usato specialmente per tappezzeria e addobbi. Ilnome sottolinea la sua somiglianza, in tono minore, al broccato. Largamente prodotto in italia e Spagna a partire dal XVI o XVII secolo.",,,,,,,,,,,,,,,,,"95--Brocadillo--Der. broccato.Tessuto di seta e oro o altri metalli preziosi, di qualità inferiore e più leggero del broccato di tre altezze, e come questo con disegni prodotti al jacquard. Tipico del XVI e XVII secolo. Generalmente di due colori: sfondo bianco con fiori o disegni d'oro e disegni cremisi, blu o giallo. Serviva per tessuti ecclesiastici e abiti. Anche per tappezzeria. Il più famoso è stato tessuto a Venezia. C'era anche solo in seta o solo in lana. s.m. Tessuto a grandi disegni rilevati, a doppio ordito e a trama di due qualità, una di setae l'altra di lino, più leggero del broccato. E' usato specialmente per tappezzeria e addobbi. Ilnome sottolinea la sua somiglianza, in tono minore, al broccato. Largamente prodotto in italia e Spagna a partire dal XVI o XVII secolo."
,,,,,,,,,,,,,,,,,,,,,,,,----
97,Brocado ,,97,Broccato,,,"s.m. Prezioso tessuto ornamentale decorato con disegni ad effetto di bassorilievo, di trama di seta, argento, oro, ciniglia aggiunti al tessuto di fondo. largamente usato nei secoli scorsi per fastosi abiti di nobili e principi e per ricchi costumi. Si distinguono broccati in catena e broccati in trama. Quelli in catena hanno generalmente l'effetto broccato a strisce (come taffettà a pelo); quelli in trama si dividono a loro volta in lancé, le cui trame supplementari dette appunte lancées 'lanciate', dopo aver formato il disegno sul diritto restano slegate sul rovescio e quindi possono essere tagliate via, e spolinati, così chiamati dalle piccole navette impiegate, dette spolini, le cui trame supplementari formanti il disegno agiscono nell'ambito del disegno agiscono nell'ambito del disegno stesso senza che si sprechi niente del filato, per cui è possibile impiegare materie preziose come l'argento e l'oro. Sembra di origine cinese. In Cina infatti si produceva fin dal III sec. a. C. La sua lavorazione si estese successivamente alla Persia, alla Siria ed infine in Europa. In italia la tecnica della lavorazione fu introdotta dagli Arabi ed esso fu fin dal sec. XII. Nel Rinascimento lo producevano fiorenti fabbriche a Venezia, Firenze, Genova, Milano che spesso per i disegni si avvalevano di artisti famosi. originariamente participio pass. sostantivato del verbo broccare tessere a brocchi, brocco, lat. broccus ' dai denti sporgenti' e quindi propriamente 'ornato da punti sporgenti, di anelli di filo rilevato'.

","ANIELLO GENTILE, Dizionario etimologico dell'arte tessile, Napoli, 1981.",,,,,,,,,,,,,,,,"97--Broccato--s.m. Prezioso tessuto ornamentale decorato con disegni ad effetto di bassorilievo, di trama di seta, argento, oro, ciniglia aggiunti al tessuto di fondo. largamente usato nei secoli scorsi per fastosi abiti di nobili e principi e per ricchi costumi. Si distinguono broccati in catena e broccati in trama. Quelli in catena hanno generalmente l'effetto broccato a strisce (come taffettà a pelo); quelli in trama si dividono a loro volta in lancé, le cui trame supplementari dette appunte lancées 'lanciate', dopo aver formato il disegno sul diritto restano slegate sul rovescio e quindi possono essere tagliate via, e spolinati, così chiamati dalle piccole navette impiegate, dette spolini, le cui trame supplementari formanti il disegno agiscono nell'ambito del disegno agiscono nell'ambito del disegno stesso senza che si sprechi niente del filato, per cui è possibile impiegare materie preziose come l'argento e l'oro. Sembra di origine cinese. In Cina infatti si produceva fin dal III sec. a. C. La sua lavorazione si estese successivamente alla Persia, alla Siria ed infine in Europa. In italia la tecnica della lavorazione fu introdotta dagli Arabi ed esso fu fin dal sec. XII. Nel Rinascimento lo producevano fiorenti fabbriche a Venezia, Firenze, Genova, Milano che spesso per i disegni si avvalevano di artisti famosi. originariamente participio pass. sostantivato del verbo broccare tessere a brocchi, brocco, lat. broccus ' dai denti sporgenti' e quindi propriamente 'ornato da punti sporgenti, di anelli di filo rilevato'.

"
,,,,,,,,,,,,,,,,,,,,,,,,----
101,Brocado de terciopelo ,,101,Broccato di velluto,,,Tessuto in velluto di seta scolpito con disegni con grandi motivi ornamentali e gli effetti del pelo tagliato su uno sfondo di trama d'oro lanciata in liscio,,,,,,,,,,,,,,,,,101--Broccato di velluto--Tessuto in velluto di seta scolpito con disegni con grandi motivi ornamentali e gli effetti del pelo tagliato su uno sfondo di trama d'oro lanciata in liscio
102,Brocado de tres altos ,,102,Brocato di tre altezze,,,"Tessuto di seta con tre ordini: fondo, lavoro e su questo una distesa di anelli molto piccoli; proprio come il velluto riccio. Sullo sfondo veniva realizzato il filo d'argento o d'oro, o la briscada di seta nei fiori e nei disegni",,,,,,,,,,,,,,,,,"102--Brocato di tre altezze--Tessuto di seta con tre ordini: fondo, lavoro e su questo una distesa di anelli molto piccoli; proprio come il velluto riccio. Sullo sfondo veniva realizzato il filo d'argento o d'oro, o la briscada di seta nei fiori e nei disegni"
103,Brocatel ,,103,Broccatelo,,,"
s.m. Tessuto a grandi disegni rilevati, a doppio ordito e a trama di due qualità, una di setae l'altra di lino, più leggero del broccato. E' usato specialmente per tappezzeria e addobbi. Ilnome sottolinea la sua somiglianza, in tono minore, al broccato. Largamente prodotto in italia e Spagna a partire dal XVI o XVII secolo.
",,,,,,,,,,,,,,,,,"103--Broccatelo--
s.m. Tessuto a grandi disegni rilevati, a doppio ordito e a trama di due qualità, una di setae l'altra di lino, più leggero del broccato. E' usato specialmente per tappezzeria e addobbi. Ilnome sottolinea la sua somiglianza, in tono minore, al broccato. Largamente prodotto in italia e Spagna a partire dal XVI o XVII secolo.
"
,,,,,,,,,,,,,,,,,,,,,,,,----
105,Brochar ,,105,Brochar ,,,"Azione di aggiungere uno o più riquadri supplementari a un tessuto, ma solo nei punti in cui il disegno del tessuto lo richiede; Qualcosa di simile al modo di eseguire un ricamo con un ago. È formato sul tessuto di fondo, che ha la sua trama, e crea motivi indipendenti, come fiori, ornamenti, ecc. più o meno separati l'uno dall'altro.",,,,,,,,,,,,,,,,,"105--Brochar --Azione di aggiungere uno o più riquadri supplementari a un tessuto, ma solo nei punti in cui il disegno del tessuto lo richiede; Qualcosa di simile al modo di eseguire un ricamo con un ago. È formato sul tessuto di fondo, che ha la sua trama, e crea motivi indipendenti, come fiori, ornamenti, ecc. più o meno separati l'uno dall'altro."
,,,,,,,,,,,,,,,,,,,,,,,,----
108,Buratina ,,108,Buratto,,,"s.m. ant. Stoffa rada e trasparente, drappo da ricami. Lat. mediev. buratus e diminuitivo buratellus (sec. XIII, Verona) ' tela buratto' da bura, che è postulato anche dal fr. bure 'stoffa rozza di lana'. E' voce d'area settentrionale, diffusasi anche nell'Italia meridionale.","ANIELLO GENTILE, Dizionario etimologico dell'arte tessile, Napoli, 1981.","fr. burat, sp. burato",,,,,,,,,,,,,,,"108--Buratto--s.m. ant. Stoffa rada e trasparente, drappo da ricami. Lat. mediev. buratus e diminuitivo buratellus (sec. XIII, Verona) ' tela buratto' da bura, che è postulato anche dal fr. bure 'stoffa rozza di lana'. E' voce d'area settentrionale, diffusasi anche nell'Italia meridionale."
111,Burato ,,111,Burato ,,,,,,,,,,,,,,,,,,,,111--Burato --
112,Cachemira de seda ,,112,Cachemire di seta ,,,"Tessuto di seta pesante, con trama di raso di cinque o otto. Ordito in strusa",,,,,,,,,,,,,,,,,"112--Cachemire di seta --Tessuto di seta pesante, con trama di raso di cinque o otto. Ordito in strusa"
113,Cadarzo ,,113,Catarzo ,,,"s.m. ant. Seta floscia, grossolana, non lavorata, usata per nappe, tappezzerie e imbottiture di vesti. È anche la fibra della parte esterna del bozzolo, la prima che produce il baco. Anche Seta shappe",,,,,,,,,,,,,,,,,"113--Catarzo --s.m. ant. Seta floscia, grossolana, non lavorata, usata per nappe, tappezzerie e imbottiture di vesti. È anche la fibra della parte esterna del bozzolo, la prima che produce il baco. Anche Seta shappe"
115,Cairel ,,115,Frangia,,,"s. f. [dal fr. frange, che è il lat. fimbria, attrav. una forma metatetica *frimbia] (pl. -ge). – 1. Guarnizione per capi di arredamento o di biancheria personale e da casa, ottenuta sfilando i fili orizzontali della stoffa dopo aver fermato il margine del tessuto, e arricchita talvolta con aggiunta di fili colorati o nappe (detti anch’essi frange), annodando i fili in disegni. Oltre alle frange di stoffa, sono comuni anche quelle fatte all’uncinetto e al tombolo.",Vocabolario TRECCANI (versione online).,,,,,,,,,,,,,,,,"115--Frangia--s. f. [dal fr. frange, che è il lat. fimbria, attrav. una forma metatetica *frimbia] (pl. -ge). – 1. Guarnizione per capi di arredamento o di biancheria personale e da casa, ottenuta sfilando i fili orizzontali della stoffa dopo aver fermato il margine del tessuto, e arricchita talvolta con aggiunta di fili colorati o nappe (detti anch’essi frange), annodando i fili in disegni. Oltre alle frange di stoffa, sono comuni anche quelle fatte all’uncinetto e al tombolo."
396, Calada,,,,,,,,,,,,,,,,,,,,,,,----
117,Calicut ,,117,Calicò,,,"s.m. Tela di cotone a colori vivaci per biancheria, grembiuli, ecc. Der. fr. calicot, tela di cotone meno fine del percalle, dall'ingl. calico, calicut (XVI sec.) dal nome della città di Kalikùt, una città sulla costa del Malanàr dove veniva fabbricata una stoffa di cotone e di lino importata in Europa, chiamata nel XVII sec.","ANIELLO GENTILE, Dizionario etimologico dell'arte tessile, Napoli, 1981.",,,,,,,,,,,,,,,,"117--Calicò--s.m. Tela di cotone a colori vivaci per biancheria, grembiuli, ecc. Der. fr. calicot, tela di cotone meno fine del percalle, dall'ingl. calico, calicut (XVI sec.) dal nome della città di Kalikùt, una città sulla costa del Malanàr dove veniva fabbricata una stoffa di cotone e di lino importata in Europa, chiamata nel XVII sec."
118,Calquier ,,118,Calquier ,,,"Nome dato a un raso, un taffettà indiano. Satin o taffettà decorati con disegni a forma di fiamme, provenienti dall'India, chiamati anche punti d'Ungheria o puntati verso il turco",,,,,,,,,,,,,,,,,"118--Calquier --Nome dato a un raso, un taffettà indiano. Satin o taffettà decorati con disegni a forma di fiamme, provenienti dall'India, chiamati anche punti d'Ungheria o puntati verso il turco"
119,Cambiante ,,119, Cangiante,,,"Taffetà che ha la seta dell'ordito di un colore e la trama di un altro, in modo che i loro colori variano in base ai riflessi della luce",,,,,,,,,,,,,,,,,"119-- Cangiante--Taffetà che ha la seta dell'ordito di un colore e la trama di un altro, in modo che i loro colori variano in base ai riflessi della luce"
406,Camelote,,406,Cammellotto,,"s.m. Tessuto fatto un tempo di pelo di cammello e poi anche di altro pelo, variamente tinto e a volte anche di seta (XIII sec.). Fabbricato originariamente in Oriente, ma prodotto già nel XIII sc. anche in Europa e principalmente in Francia, con pelo di capra, pur conservando lo stesso nome.",,"ANIELLO GENTILE, Dizionario etimologico dell'arte tessile, Napoli, 1981.","camellotto, cambellotto, ciambellotto, ciamellotto, scammellotto, zambellotto",,,,,,,,,,,,,,,406--Cammellotto--
120,Camelote de aguas ,,120,Cammellotto di acqua,,,Tessuto di seta pressato che forma effetti simili a moerro. A volte erano decorati con fiori che venivano stampati con presse a caldo per dare lucentezza,,,,,,,,,,,,,,,,,120--Cammellotto di acqua--Tessuto di seta pressato che forma effetti simili a moerro. A volte erano decorati con fiori che venivano stampati con presse a caldo per dare lucentezza
121,Camelote de flores ,,121,Cammellotto di fiori,,,Cammellotto con seta con fiori figurativi ottenuti applicando al tessuto della pressa a caldo,,,,,,,,,,,,,,,,,121--Cammellotto di fiori--Cammellotto con seta con fiori figurativi ottenuti applicando al tessuto della pressa a caldo
122,Camelote de seda ,,122,Camellotto di seta ,,,"Dal XIII secolo il cammellotto si trasformò in un tessuto prodotto abitualmente in seta. Esistevano anche cammellotti prodotti in Italia con intreccio di taffetà, erano propriamente taffetà con armature in tela che prendevano il nome di cammellotto",,,,,,,,,,,,,,,,,"122--Camellotto di seta --Dal XIII secolo il cammellotto si trasformò in un tessuto prodotto abitualmente in seta. Esistevano anche cammellotti prodotti in Italia con intreccio di taffetà, erano propriamente taffetà con armature in tela che prendevano il nome di cammellotto"
,,,,,,,,,,,,,,,,,,,,,,,,----
212,Camino a retorno,,212,Campo di ritorno,,Percorso le cui arcate sono legate alle corde del mazzo in ordine inverso rispetto alla numerazione,,,,,,,,,,,,,,,,,,212--Campo di ritorno--
145,Camino seguido,,145,Campo seguente,,Percorso le cui arcate sono legate nell'ordine correlato di numerazione alle corde del mazzo,,,,,,,,,,,,,,,,,,145--Campo seguente--
124,Camocán ,,124,Camocán ,,,"Der. spagn. Lussuoso tessuto di seta, damascato, fine e lucente, a volte intrecciato con fili d'oro, decorato con uccelli e disegni geometrici, che fu usato dal XIV al XVIII secolo per i capi talari e coperte lussuose. Inizialmente realizzato in Persia, India e Cina, basato su disegni geometrici. Si è diffuso attraverso la Siria, Alessandria, Cipro e la Grecia. Dal XV secolo il termine camocán fu sostituito dal damasco",,,,,,,,,,,,,,,,,"124--Camocán --Der. spagn. Lussuoso tessuto di seta, damascato, fine e lucente, a volte intrecciato con fili d'oro, decorato con uccelli e disegni geometrici, che fu usato dal XIV al XVIII secolo per i capi talari e coperte lussuose. Inizialmente realizzato in Persia, India e Cina, basato su disegni geometrici. Si è diffuso attraverso la Siria, Alessandria, Cipro e la Grecia. Dal XV secolo il termine camocán fu sostituito dal damasco"
125,Cancania ,,125,Cancania ,,,"Raso di seta intrecciata, a strisce con fiori d'oro e di seta fabbricati nelle Indie Orientali.",,,,,,,,,,,,,,,,,"125--Cancania --Raso di seta intrecciata, a strisce con fiori d'oro e di seta fabbricati nelle Indie Orientali."
127,Canilla ,,127,Canilla ,,,"Bobina in cui il filo è avvolto o ferito e che entra nella navetta. Al giorno d'oggi, è anche usato per designare le bobine che vengono utilizzate nelle macchine da cucire",,,,,,,,,,,,,,,,,"127--Canilla --Bobina in cui il filo è avvolto o ferito e che entra nella navetta. Al giorno d'oggi, è anche usato per designare le bobine che vengono utilizzate nelle macchine da cucire"
,,,,,,,,,,,,,,,,,,,,,,,,----
281,Cántara,,281,Cassino,,Anelli del telaio accessorio che hanno permesso di estendere la corda su un lato del telaio. Il lanciatore è composto da una serie di piccole pulegge poste sul telaio e da cui il ramo delle corde assume una posizione orizzontale per ricevere i licci,,,,,,,,,,,,,,,,,,281--Cassino--
128,Canutillo ,,128,Cannetta,,,"Filo sottile di oro o argento, arricciato formando piccole cannette o spirali che vengono usate per ricamare cucendole al tessuto di base di un ricamo, inserendo un filo all'interno fissato al tessuto.",,,,,,,,,,,,,,,,,"128--Cannetta--Filo sottile di oro o argento, arricciato formando piccole cannette o spirali che vengono usate per ricamare cucendole al tessuto di base di un ricamo, inserendo un filo all'interno fissato al tessuto."
129,Canutillo ,,129,Cannetta,,,"Tubo piccolo e cavo, in vetro o metallo utilizzato per il ricamo e utilizzato nello stesso modo descritto. v. cannetta",,,,,,,,,,,,,,,,,"129--Cannetta--Tubo piccolo e cavo, in vetro o metallo utilizzato per il ricamo e utilizzato nello stesso modo descritto. v. cannetta"
130,Canutillo ,,130,Canutillo ,,,"Tessuto la cui caratteristica è la formazione di una corda o di un canale nella direzione dell'ordito, solitamente costituito da una trama singola e un singolo ordito.",,,,,,,,,,,,,,,,,"130--Canutillo --Tessuto la cui caratteristica è la formazione di una corda o di un canale nella direzione dell'ordito, solitamente costituito da una trama singola e un singolo ordito."
131,Capichola ,,,,,,,,,,,,,,,,,,,,,,,----
132,Capullo ,,132,Bozzolo,,,"s.m. Involucro protettivo della crisalide delle farfalle. Quello del baco da seta è formato da un filo lungo e continuo detto bava. E' a sua volta costituituito da due bavelle: ognuna di queste bavelle è composta da fibroina rivestita da una sostanza gommosa, la sericina. La parte esterna del bozzolo, chiamata spelaia o ragna, e la parte interna chiamata teletta, costituiscono i cascami di seta. La seta vera e propria è fornita dalla parte mediana del bozzolo chiamata carta o involucro.","ANIELLO GENTILE, Dizionario etimologico dell'arte tessile, Napoli, 1981.","galletta, coccola, cochetto, cocone",,,,,,,,,,,,,,,"132--Bozzolo--s.m. Involucro protettivo della crisalide delle farfalle. Quello del baco da seta è formato da un filo lungo e continuo detto bava. E' a sua volta costituituito da due bavelle: ognuna di queste bavelle è composta da fibroina rivestita da una sostanza gommosa, la sericina. La parte esterna del bozzolo, chiamata spelaia o ragna, e la parte interna chiamata teletta, costituiscono i cascami di seta. La seta vera e propria è fornita dalla parte mediana del bozzolo chiamata carta o involucro."
133,Capullo ,,,,,,,,,,,,,,,,,,,,,,,----
648,Cárcola,,,,,,,,,,,,,,,,,,,,,,,----
134,Carmesí ,,,,,Cremisi,,,,,,,,,,,,,,,,,,----
135,Carmesí ,,,,,,,,,,,,,,,,,,,,,,,----
136,Casulla ,,,,,,,,,,,,,,,,,,,,,,,----
137,Catalufa ,,137,Cataluffa,,,"s.f. Specie di drappo per paramenti sacri o tappezzeria, molto vistoso. Si fabbricava non solo a Venezia, ma nel XVI sec. anche in Sicilia, a Napoli e in Toscana. Der. dal siciliano cataluffu ' tessuto di mezza qualità. Dall'it. la voce è passata allo spagnolo catalufa ' tessuto raso di lana, specie di taffetà', al portoghese catalupa ' panno intessuto di fili d'argento'. Di etimologia sconosciuta.","ANIELLO GENTILE, Dizionario etimologico dell'arte tessile, Napoli, 1981.",,,,,,,,,,,,,,,,"137--Cataluffa--s.f. Specie di drappo per paramenti sacri o tappezzeria, molto vistoso. Si fabbricava non solo a Venezia, ma nel XVI sec. anche in Sicilia, a Napoli e in Toscana. Der. dal siciliano cataluffu ' tessuto di mezza qualità. Dall'it. la voce è passata allo spagnolo catalufa ' tessuto raso di lana, specie di taffetà', al portoghese catalupa ' panno intessuto di fili d'argento'. Di etimologia sconosciuta."
138,Cendal ,,138,Zendado,,,"s.m. Stoffa di seta leggera, o velo, usata nella moda femminile del Settecento. Il nome è documentato nel IX sec. a Padova. Latino med. cendatum (planetas de cendalo, a. 867, Friuli; de pannis et cendatis, a. 1219, Venezia; cendati viridis, celestis, iallini, rubei et albi, a. 1354, Napoli).","ANIELLO GENTILE, Dizionario etimologico dell'arte tessile, Napoli, 1981.",,,,,,,,,,,,,,,,"138--Zendado--s.m. Stoffa di seta leggera, o velo, usata nella moda femminile del Settecento. Il nome è documentato nel IX sec. a Padova. Latino med. cendatum (planetas de cendalo, a. 867, Friuli; de pannis et cendatis, a. 1219, Venezia; cendati viridis, celestis, iallini, rubei et albi, a. 1354, Napoli)."
139,Ceñidor ,,,,,,,,,,,,,,,,,,,,,,,----
140,Chaúl ,,,,,,,,,,,,,,,,,,,,,,,----
417,Chenilla,,417,Ciniglia,,,"s.f. Tipo particolare di filato a forma di bruco che si usa come trama per tessuti di spugna o di velluto e per speciali cordoncini di ricami e guarnizioni o passamaneria. Dal francesce chenille, propriamente 'bruco' poi 'ciniglia'; nastrino di seta di seta vellutata, dal latino canicula 'cagnetta'', dimin. di canis 'cane'.","ANIELLO GENTILE, Dizionario etimologico dell'arte tessile, Napoli, 1981.",,,,,,,,,,,,,,,,"417--Ciniglia--s.f. Tipo particolare di filato a forma di bruco che si usa come trama per tessuti di spugna o di velluto e per speciali cordoncini di ricami e guarnizioni o passamaneria. Dal francesce chenille, propriamente 'bruco' poi 'ciniglia'; nastrino di seta di seta vellutata, dal latino canicula 'cagnetta'', dimin. di canis 'cane'."
,,,,,,,,,,,,,,,,,,,,,,,,----
142,Chiffon ,,142,Chiffon,,,"s.m, Tessuto finissimo e trasparente di seta o di fibre sintetiche. Der. francese (inizio XVII sec.) der. di chiffe ' stoffa vecchia, cencio, straccio, cianfrusaglia', a sua volta dal medio inglese chip.","ANIELLO GENTILE, Dizionario etimologico dell'arte tessile, Napoli, 1981.",shirting,,,,,,,,,,,,,,,"142--Chiffon--s.m, Tessuto finissimo e trasparente di seta o di fibre sintetiche. Der. francese (inizio XVII sec.) der. di chiffe ' stoffa vecchia, cencio, straccio, cianfrusaglia', a sua volta dal medio inglese chip."
143,Chiné ,,143,Chiné,,,"s.f. Tessuto di seta generalmente di taffetà o raso i cui fili sono variamente colorati e che presenta il disegno a tinte sfumate; tessuto variegato. Voce fr. der. di chiner ' dare colore differente ai fili di un tessuto' da Chine, Cina, dove originariamente si usava screziare il tessuto. Il procedimento fu adottato in Europa nella prima metà del Settecento. ","ANIELLO GENTILE, Dizionario etimologico dell'arte tessile, Napoli, 1981.",,,,,,,,,,,,,,,,"143--Chiné--s.f. Tessuto di seta generalmente di taffetà o raso i cui fili sono variamente colorati e che presenta il disegno a tinte sfumate; tessuto variegato. Voce fr. der. di chiner ' dare colore differente ai fili di un tessuto' da Chine, Cina, dove originariamente si usava screziare il tessuto. Il procedimento fu adottato in Europa nella prima metà del Settecento. "
144,Chiné a la rama,,,,,,,,,,,,,,,,,,,,,,,----
146,Ciclatón ,,,,,,,,,,,,,,,,,,,,,,,----
147,Cinta ,,,,,,,,,,,,,,,,,,,,,,,----
148,Cinta bordada ,,,,,,,,,,,,,,,,,,,,,,,----
248,Claro,,,,,,,,,,,,,,,,,,,,,,,----
409,Coletaje,,,,,,,,,,,,,,,,,,,,,,,----
149,Colonia ,,,,,,,,,,,,,,,,,,,,,,,----
410,Contextura,,,,,,,,,,,,,,,,,,,,,,,----
411,Contramostrado,,,,,,,,,,,,,,,,,,,,,,,----
150,Cordelado ,,,,,,,,,,,,,,,,,,,,,,,----
264,Cordelina,,,,,,,,,,,,,,,,,,,,,,,----
151,Cordoncillo ,,151,Cordonato,,,agg. Si dice di tessuti a coste parallele rilevate,"ANIELLO GENTILE, Dizionario etimologico dell'arte tessile, Napoli, 1981.",cordoné,,,,,,,,,,,,,,,151--Cordonato--agg. Si dice di tessuti a coste parallele rilevate
152,Cotí ,,152,Coutil,,,"s.m. Tessuto forte e spinato di lino o di cotone, usato specialmente per busti; stoffa a traliccio. Voce francese (XIII sec.) der. da coute 'coltrice', entrata in it. nel XIX sec. ","ANIELLO GENTILE, Dizionario etimologico dell'arte tessile, Napoli, 1981.",Traliccio,,,,,,,,,,,,,,,"152--Coutil--s.m. Tessuto forte e spinato di lino o di cotone, usato specialmente per busti; stoffa a traliccio. Voce francese (XIII sec.) der. da coute 'coltrice', entrata in it. nel XIX sec. "
,,,,,,,,,,,,,,,,,,,,,,,,----
155,Crepé ,,155,Crêpe,,,"s.m. Termine comunemente usato nell'industria tessile e nella moda in luogo dell'it. crespo. s.m e agg. Tessuto di cotone, lino, mezzo lino, seta, raion, lana, con fili in ordito e trama fortemente ritorti. Ha un caratteristico aspetto ondulato, l'increspamento, dovuto al restringimento che il filato subisce durante la rifinitura. Fu importato dall' oriente nel sec. IX e fabbricato a partire dal sec. XII anche in italia, specie a Bologna. Una varietà è il Crespo di Cina, un tessuto originario della Cina, come chiaramente indica la denominazione, di seta in tela molto fine, usato per abiti femminili, per vestiti da ballo. ecc. Crêpe e' voce fr.., agg. sostantivato, per indicare un tipo di tessuto dal caratteristico aspetto increspato. In Italia appare agli inizi del XIX sec. In commercio esistono molte varietà di tale tessuto. ","ANIELLO GENTILE, Dizionario etimologico dell'arte tessile, Napoli, 1981.",Crespo,,,,,,,,,,,,,,,"155--Crêpe--s.m. Termine comunemente usato nell'industria tessile e nella moda in luogo dell'it. crespo. s.m e agg. Tessuto di cotone, lino, mezzo lino, seta, raion, lana, con fili in ordito e trama fortemente ritorti. Ha un caratteristico aspetto ondulato, l'increspamento, dovuto al restringimento che il filato subisce durante la rifinitura. Fu importato dall' oriente nel sec. IX e fabbricato a partire dal sec. XII anche in italia, specie a Bologna. Una varietà è il Crespo di Cina, un tessuto originario della Cina, come chiaramente indica la denominazione, di seta in tela molto fine, usato per abiti femminili, per vestiti da ballo. ecc. Crêpe e' voce fr.., agg. sostantivato, per indicare un tipo di tessuto dal caratteristico aspetto increspato. In Italia appare agli inizi del XIX sec. In commercio esistono molte varietà di tale tessuto. "
157,Crespón ,,157,Crespone,,,"s.m. Voce con cui già nel sec. XVII si indicava un tipo di panno ordito in seta e ripieno di stame, ruvido. Der. di crespo, sul modello del fr. crêpon.","ANIELLO GENTILE, Dizionario etimologico dell'arte tessile, Napoli, 1981.",,,,,,,,,,,,,,,,"157--Crespone--s.m. Voce con cui già nel sec. XVII si indicava un tipo di panno ordito in seta e ripieno di stame, ruvido. Der. di crespo, sul modello del fr. crêpon."
158,Crespón de China ,,,,,,,,,,,,,,,,,,,,,,,----
159,Crespón de Lyon ,,,,,,,,,,,,,,,,,,,,,,,----
,,,,,,,,,,,,,,,,,,,,,,,,----
161,Crespón inglés ,,,,,,,,,,,,,,,,,,,,,,,----
162,Crespón marroquí ,,,,,,,,,,,,,,,,,,,,,,,----
163,Cristalina ,,,,,,,,,,,,,,,,,,,,,,,----
413,Cruce,,,,,,,,,,,,,,,,,,,,,,,----
164,Crudo,,,,,,,,,,,,,,,,,,,,,,,----
166,Cuenta,,,,,,,,,,,,,,,,,,,,,,,----
414,Cuerpo,,,,,,,,,,,,,,,,,,,,,,,----
415,Curso de ligamento,,,,,,,,,,,,,,,,,,,,,,,----
167,Damarás ,,,,,,,,,,,,,,,,,,,,,,,----
168,Damasco ,,168,Damasco ,,"s.m. Tessuto in seta caratterizzato dal contrasto di lucentezza tra fondo e disegno, generalmente a motivi floreali molto ricchi. E' di largo uso per i paramenti sacri e tappezzeria. prodotto originariamente in Cina, attraverso l' India, la Persia e la Grecia bizantina giunse alla città di Damasco, dalla quale prese il nome con cui venne importato in Europa. Altrettanto celebri furono nell'antichità i damaschi prodotti in Italia, a Venezia, Genova, Lucca, Vicenza, Parma e Catanzaro. Oggi se ne producono tipi diversi per pesantezza e per dimensioni di disegni per vari usi, dagli abiti da donna, alle sciarpe, alla tappezzeria, ai paramenti di chiesa. più propriamente si chiama damasco d'estate il tipo leggero adatto per vestiti, cravatte e fodere.","Tessuto di seta composto da un effetto di fondo e uno di disegno costituito dal filo di ordito e dalla trama di una singola armatura. Con un singolo ordito e una trama singola, formato da fili dello stesso spessore, colore e qualità. L'effetto è piatto e il disegno è reversibile. I vecchi damaschi sono eseguiti con un corpo di maglioni e due licci (quello con la tomaia e quello con il rebatén). s.m. Tessuto in seta caratterizzato dal contrasto di lucentezza tra fondo e disegno, generalmente a motivi floreali molto ricchi. E' di largo uso per i paramenti sacri e tappezzeria. Prodotto originariamente in Cina, attraverso l' India, la Persia e la Grecia bizantina giunse alla città di Damasco, dalla quale prese il nome con cui venne importato in Europa. Altrettanto celebri furono nell'antichità i damaschi prodotti in Italia, a Venezia, Genova, Lucca, Vicenza, Parma e Catanzaro. Oggi se ne producono tipi diversi per pesantezza e per dimensioni di disegni per vari usi, dagli abiti da donna, alle sciarpe, alla tappezzeria, ai paramenti di chiesa. Più propriamente si chiama damasco d'estate il tipo leggero adatto per vestiti, cravatte e fodere.","ANIELLO GENTILE, Dizionario etimologico dell'arte tessile, Napoli, 1981.",,,,,,,,,,,,,,,,"168--Damasco --Tessuto di seta composto da un effetto di fondo e uno di disegno costituito dal filo di ordito e dalla trama di una singola armatura. Con un singolo ordito e una trama singola, formato da fili dello stesso spessore, colore e qualità. L'effetto è piatto e il disegno è reversibile. I vecchi damaschi sono eseguiti con un corpo di maglioni e due licci (quello con la tomaia e quello con il rebatén). s.m. Tessuto in seta caratterizzato dal contrasto di lucentezza tra fondo e disegno, generalmente a motivi floreali molto ricchi. E' di largo uso per i paramenti sacri e tappezzeria. Prodotto originariamente in Cina, attraverso l' India, la Persia e la Grecia bizantina giunse alla città di Damasco, dalla quale prese il nome con cui venne importato in Europa. Altrettanto celebri furono nell'antichità i damaschi prodotti in Italia, a Venezia, Genova, Lucca, Vicenza, Parma e Catanzaro. Oggi se ne producono tipi diversi per pesantezza e per dimensioni di disegni per vari usi, dagli abiti da donna, alle sciarpe, alla tappezzeria, ai paramenti di chiesa. Più propriamente si chiama damasco d'estate il tipo leggero adatto per vestiti, cravatte e fodere."
169,Damasina ,,,,,,,,,,,,,,,,,,,,,,,----
,,,,,,,,,,,,,,,,,,,,,,,,----
171,Damasquillo ,,,,,,,,,,,,,,,,,,,,,,,----
,,,,,,,,,,,,,,,,,,,,,,,,----
418,Delfinado,,,,,,,,,,,,,,,,,,,,,,,----
173,Diaspro ,,,,,,,,,,,,,,,,,,,,,,,----
297,Diaspro ,,,,,,,,,,,,,,,,,,,,,,,----
419,Diente,,,,,,,,,,,,,,,,,,,,,,,----
420,Doblaje,,,,,,,,,,,,,,,,,,,,,,,----
421,Doble tela,,,,,,,,,,,,,,,,,,,,,,,----
174,Droguete de seda ,,,,,,,,,,,,,,,,,,,,,,,----
175,Efecto,,,,,,,,,,,,,,,,,,,,,,,----
176,Efecto de bastas por trama,,,,,,,,,,,,,,,,,,,,,,,----
177,Efecto de perdido de urdimbre,,,,,,,,,,,,,,,,,,,,,,,----
178,Efecto de perdido por trama ,,,,,,,,,,,,,,,,,,,,,,,----
179,Embrochado ,,,,,,,,,,,,,,,,,,,,,,,----
180,Encaje ,,,,,,,,,,,,,,,,,,,,,,,----
181,Encaje de aguja ,,,,,,,,,,,,,,,,,,,,,,,----
,,,,,,,,,,,,,,,,,,,,,,,,----
,,,,,,,,,,,,,,,,,,,,,,,,----
,,,,,,,,,,,,,,,,,,,,,,,,----
423,Envés,,,,,,,,,,,,,,,,,,,,,,,----
424,Escalonado,,,,,,,,,,,,,,,,,,,,,,,----
185,Escarzo ,,,,,,,,,,,,,,,,,,,,,,,----
186,Escocés ,,,,,,,,,,,,,,,,,,,,,,,----
,,,,,,,,,,,,,,,,,,,,,,,,----
188,Esparragón ,,,,,,,,,,,,,,,,,,,,,,,----
189,Espiguilla,,,,,,,,,,,,,,,,,,,,,,,----
190,EspolÍn ,,,,,,,,,,,,,,,,,,,,,,,----
191,Espolín ,,,,,,,,,,,,,,,,,,,,,,,----
192,Espolinado ,,,,,,,,,,,,,,,,,,,,,,,----
193,Espolinar ,,,,,,,,,,,,,,,,,,,,,,,----
194,Espumilla ,,,,,,,,,,,,,,,,,,,,,,,----
195,Espumillón ,,,,,,,,,,,,,,,,,,,,,,,----
196,Estampado ,,,,,,,,,,,,,,,,,,,,,,,----
197,Estampado ,,,,,,,,,,,,,,,,,,,,,,,----
198,Estampar ,,,,,,,,,,,,,,,,,,,,,,,----
199,Estofar ,,,,,,,,,,,,,,,,,,,,,,,----
200,Faille crespón,,,,,,,,,,,,,,,,,,,,,,,----
201,Faya ,,,,,,,,,,,,,,,,,,,,,,,----
202,Felpa,,,,,,,,,,,,,,,,,,,,,,,----
,,,,,,,,,,,,,,,,,,,,,,,,----
,,,,,,,,,,,,,,,,,,,,,,,,----
205,Felpudo,,,,,,,,,,,,,,,,,,,,,,,----
206,Festón,,,,,,,,,,,,,,,,,,,,,,,----
207,Festón,,,,,,,,,,,,,,,,,,,,,,,----
209,Fibra ,,,,,,,,,,,,,,,,,,,,,,,----
210,Fibra animal ,,,,,,,,,,,,,,,,,,,,,,,----
213,Fibra natural,,,,,,,,,,,,,,,,,,,,,,,----
35,Fibra artificial,,,,,,,,,,,,,,,,,,,,,,,----
214,Fibra vegetal ,,,,,,,,,,,,,,,,,,,,,,,----
24,Fibroína,,,,,,,,,,,,,,,,,,,,,,,
216,Filadiz,,,,,,,,,,,,,,,,,,,,,,,----
217,Fleco,,,,,,,,,,,,,,,,,,,,,,,----
218,Flocadura,,,,,,,,,,,,,,,,,,,,,,,----
220,Florentina,,,,,,,,,,,,,,,,,,,,,,,----
221,Fondo,,,,,,,,,,,,,,,,,,,,,,,----
223,Fondo,,,,,,,,,,,,,,,,,,,,,,,----
224,Frisado,,,,,,,,,,,,,,,,,,,,,,,----
226,Frisar,,,,,,,,,,,,,,,,,,,,,,,----
228,Gabardina de seda,,,,,,,,,,,,,,,,,,,,,,,----
230,Galón,,,,,,,,,,,,,,,,,,,,,,,----
222,Gasa,,,,,,,,,,,,,,,,,,,,,,,----
232,Gasa,,,,,,,,,,,,,,,,,,,,,,,----
234,Gasa de vuelta,,,,,,,,,,,,,,,,,,,,,,,----
240,Gayadura,,,,,,,,,,,,,,,,,,,,,,,----
242,Glasé,,,,,,,,,,,,,,,,,,,,,,,----
,,,,,,,,,,,,,,,,,,,,,,,,----
244,Gofrado,,,,,,,,,,,,,,,,,,,,,,,----
241,Gofrar,,,,,,,,,,,,,,,,,,,,,,,----
231,Gorgorán,,,,,,,,,,,,,,,,,,,,,,,----
,,,,,,,,,,,,,,,,,,,,,,,,----
225,Granadina,,,,,,,,,,,,,,,,,,,,,,,----
249,Hilo granadina,,,,,,,,,,,,,,,,,,,,,,,----
251,Granza,,,,,,,,,,,,,,,,,,,,,,,----
252,Grisalla,,,,,,,,,,,,,,,,,,,,,,,----
253,Griseta,,,,,,,,,,,,,,,,,,,,,,,----
254,Gro,,,,,,,,,,,,,,,,,,,,,,,----
257,Gro de Londres,,,,,,,,,,,,,,,,,,,,,,,----
258,Gro de Nápoles,,,,,,,,,,,,,,,,,,,,,,,----
259,Gro de Tours,,,,,,,,,,,,,,,,,,,,,,,----
260,Gro de verano,,,,,,,,,,,,,,,,,,,,,,,----
27,Haz,,,,,,,,,,,,,,,,,,,,,,,----
30,Haz trama ,,,,,,,,,,,,,,,,,,,,,,,
33,Haz urdimbre,,,,,,,,,,,,,,,,,,,,,,,
227,Hiladillo,,,,,,,,,,,,,,,,,,,,,,,----
266,Hiladillo,,,,,,,,,,,,,,,,,,,,,,,----
262,Hilatura ,,,,,,,,,,,,,,,,,,,,,,,----
267,Hilatura ,,,,,,,,,,,,,,,,,,,,,,,----
268,Hilo,,,,,,,,,,,,,,,,,,,,,,,----
270,Hilo briscado,,,,,,,,,,,,,,,,,,,,,,,----
271,Hilo canutillo,,,,,,,,,,,,,,,,,,,,,,,----
272,Hilo céfiro,,,,,,,,,,,,,,,,,,,,,,,----
255,Hilo chiné,,,,,,,,,,,,,,,,,,,,,,,
273,Hilo continuo,,,,,,,,,,,,,,,,,,,,,,,----
274,Hilo crespón,,,,,,,,,,,,,,,,,,,,,,,----
275,Hilo crudo,,,,,,,,,,,,,,,,,,,,,,,----
276,Hilo de organzí,,,,,,,,,,,,,,,,,,,,,,,----
277,Hilo de seda,,,,,,,,,,,,,,,,,,,,,,,----
278,Hilo de trama,,,,,,,,,,,,,,,,,,,,,,,----
279,Hilo de urdimbre,,,,,,,,,,,,,,,,,,,,,,,----
280,Hilo de vuelta,,,,,,,,,,,,,,,,,,,,,,,----
184,Hilo entorchado ,,,,,,,,,,,,,,,,,,,,,,,----
235,Hilo fantasia ,,,,,,,,,,,,,,,,,,,,,,,----
233,Hilo granito,,,,,,,,,,,,,,,,,,,,,,,----
283,Hilo ondeado,,,,,,,,,,,,,,,,,,,,,,,----
284,Hilo torzal,,,,,,,,,,,,,,,,,,,,,,,----
285,Hojuela,,,,,,,,,,,,,,,,,,,,,,,----
287,Ikat,,,,,,,,, ,,,,,,,,,,,,,,----
289,Imperial,,,,,,,,,,,,,,,,,,,,,,,----
290,Isabela,,,,,,,,,,,,,,,,,,,,,,,----
215,Jacquard,,,,,,,,,,,,,,,,,,,,,,,----
293,Jamete,,,,,,,,,,,,,,,,,,,,,,,----
294,Jaspeado,,,,,,,,,,,,,,,,,,,,,,,
296,Joyante,,,,,,,,,,,,,,,,,,,,,,,----
298,Jusi,,,,,,,,,,,,,,,,,,,,,,,----
301,Labrado,,,,,,,,,,,,,,,,,,,,,,,----
302,Lama ,,,,,,,,,,,,,,,,,,,,,,,----
304,Laminilla de piel,,,,,,,,,,,,,,,,,,,,,,,----
305,Lampás,,,,,,,,,,,,,,,,,,,,,,,----
306,Lampás brochado,,,,,,,,,,,,,,,,,,,,,,,----
307,Lampás talla dulce,,,,,,,,,,,,,,,,,,,,,,,----
309,Lampasete,,,,,,,,,,,,,,,,,,,,,,,----
311,Lanzadera,,,,,,,,,,,,,,,,,,,,,,,----
310,Lanzado,,,,,,,,,,,,,,,,,,,,,,,
,,,,,,,,,,,,,,,,,,,,,,,,----
313,Lazo,,,,,,,,,,,,,,,,,,,,,,,----
317,Ligadura,,,,,,,,,,,,,,,,,,,,,,,----
314,Ligamento por trama,,,,,,,,,,,,,,,,,,,,,,,----
315,Ligamento por urdimbre,,,,,,,,,,,,,,,,,,,,,,,----
318,Ligamento,,,,,,,,,,,,,,,,,,,,,,,----
319,Lineta,,,,,,,,,,,,,,,,,,,,,,,----
282,Lisaje,,,,,,,,,,,,,,,,,,,,,,,
321,Liso,,,,,,,,,,,,,,,,,,,,,,,----
322,Listado,,,,,,,,,,,,,,,,,,,,,,,----
324,Lizo,,,,,,,,,,,,,,,,,,,,,,,----
323,Lizo de alza,,,,,,,,,,,,,,,,,,,,,,,----
325,Lizo de rebaten ,,,,,,,,,,,,,,,,,,,,,,,----
425,Luisina,,,,,,,,,,,,,,,,,,,,,,,----
326,Luquesa,,,,,,,,,,,,,,,,,,,,,,,----
,,,,,,,,,,,,,,,,,,,,,,,,----
,,,,,,,,,,,,,,,,,,,,,,,,
330,Lustrina brochada,,,,,,,,,,,,,,,,,,,,,,,----
329,Lustrina de seda,,,,,,,,,,,,,,,,,,,,,,,----
,,,,,,,,,,,,,,,,,,,,,,,,----
426,Madeja de seda,,,,,,,,,,,,,,,,,,,,,,,----
427,Malla,,,,,,,,,,,,,,,,,,,,,,,----
428,Mallón,,,,,,,,,,,,,,,,,,,,,,,----
335,Marabú,,,,,,,,,,,,,,,,,,,,,,,----
342,Marca,,,,,,,,,,,,,,,,,,,,,,,----
,,,,,,,,,,,,,,,,,,,,,,,,----
429,Marco ,,,,,,,,,,,,,,,,,,,,,,,----
341,Marlí,,,,,,,,,,,,,,,,,,,,,,,----
337,Marquiseta,,,,,,,,,,,,,,,,,,,,,,,----
338,Matizado,,,,,,,,,,,,,,,,,,,,,,,----
476,Matizado,,,,,,,,,,,,,,,,,,,,,,,
340,Media seda,,,,,,,,,,,,,,,,,,,,,,,----
430,Mejicana,,,,,,,,,,,,,,,,,,,,,,,----
344,Menador,,,,,,,,,,,,,,,,,,,,,,,----
345,Menar,,,,,,,,,,,,,,,,,,,,,,,----
348,Molinar,,,,,,,,,,,,,,,,,,,,,,,----
431,Montura,,,,,,,,,,,,,,,,,,,,,,,----
433,Montura a la Jacquard,,,,,,,,,,,,,,,,,,,,,,,----
432,Montura a lizos,,,,,,,,,,,,,,,,,,,,,,,----
434,Montura mixta,,,,,,,,,,,,,,,,,,,,,,,----
346,Muaré,,,,,,,,,,,,,,,,,,,,,,,----
347,Muaré,,347,Moerro,,,"s.m. Leggera stoffa di seta dai riflessi cangianti e ondulati, ottenuti sottoponendo il tessuto alla pressione di una calandra; tessuto di lana di caratteristica brillantezza, marezzata; lana mohair. Adattamento dal fr. moiré","ANIELLO GENTILE, Dizionario etimologico dell'arte tessile, Napoli, 1981.","Amoerro, amuèrre, moèrro",,,,,,,,,,,,,,,"347--Moerro--s.m. Leggera stoffa di seta dai riflessi cangianti e ondulati, ottenuti sottoponendo il tessuto alla pressione di una calandra; tessuto di lana di caratteristica brillantezza, marezzata; lana mohair. Adattamento dal fr. moiré"
354,Musco ,,,,,,,,,,,,,,,,,,,,,,,----
355,Muselina,,,,,,,,,,,,,,,,,,,,,,,----
,,,,,,,,,,,,,,,,,,,,,,,,----
357,Orillo,,,,,,,,,,,,,,,,,,,,,,,----
358,Ormesí,,,,,,,,,,,,,,,,,,,,,,,----
435,Otomán,,,,,,,,,,,,,,,,,,,,,,,----
436,Pasada,,,,,,,,,,,,,,,,,,,,,,,----
359,Peine,,,,,,,,,,,,,,,,,,,,,,,----
437,Pelillo,,,,,,,,,,,,,,,,,,,,,,,----
360,Pelo,,,,,,,,,,,,,,,,,,,,,,,----
438,Pelo,,,,,,,,,,,,,,,,,,,,,,,----
439,Peluche,,,,,,,,,,,,,,,,,,,,,,,----
361,Pequín,,,,,,,,,,,,,,,,,,,,,,,----
440,Ligamento pesado,,,,,,,,,,,,,,,,,,,,,,,----
362,Piñuela,,,,,,,,,,,,,,,,,,,,,,,----
363,Plegador,,,,,,,,,,,,,,,,,,,,,,,----
441,Puesta en carta,,,,,,,,,,,,,,,,,,,,,,,----
364,Puntas,,,,,,,,,,,,,,,,,,,,,,,----
,,,,,,,,,,,,,,,,,,,,,,,,----
442,Punto de ligadura,,,,,,,,,,,,,,,,,,,,,,,----
365,Punzó,,,,,,,,,,,,,,,,,,,,,,,----
237,Raso,,,,,,,,,,,,,,,,,,,,,,,----
366,Raso,,,,,,,,,,,,,,,,,,,,,,,----
444,Raport,,,,,,,,,,,,,,,,,,,,,,,----
238,Sarga,,238,Twill ,,"1-Insieme al taffetà e al raso è uno dei tre legamenti fondamentali da cui derivano tutti gli altri. 2- s.m. Tessuto di lana spigato. °Voce inglese, passata anche al fr. col valore di 'étoffe croisée'. sinonimo TWEED: s. (in it. al m.) Nome commerciale di tessuto di lana fabbricato in Scozia e usato prevalentemente per la confezione di scialli. Oggi largamente impiegato per abiti maschili e femminili sportivi. ° Voce inglese, errata lettura per Twell, che è la forma scozzese dell'ingl. twill, per influsso forse di Tweed, nome del fiume della Scozia meridionale (Southern Uplands), nel cui bacino è fiorente l'industria tessile per i grandi allevamenti di pecore.","1-Insieme al taffetà e al raso è uno dei tre legamenti fondamentali da cui derivano tutti gli altri. 2- s.m. Tessuto di lana spigato. °Voce inglese, passata anche al fr. col valore di 'étoffe croisée'. sinonimo TWEED: s. (in it. al m.) Nome commerciale di tessuto di lana fabbricato in Scozia e usato prevalentemente per la confezione di scialli. Oggi largamente impiegato per abiti maschili e femminili sportivi. ° Voce inglese, errata lettura per Twell, che è la forma scozzese dell'ingl. twill, per influsso forse di Tweed, nome del fiume della Scozia meridionale (Southern Uplands), nel cui bacino è fiorente l'industria tessile per i grandi allevamenti di pecore.",,"spinato, spigato, saia",,,,,,,,,,,,,,,"238--Twill --1-Insieme al taffetà e al raso è uno dei tre legamenti fondamentali da cui derivano tutti gli altri. 2- s.m. Tessuto di lana spigato. °Voce inglese, passata anche al fr. col valore di 'étoffe croisée'. sinonimo TWEED: s. (in it. al m.) Nome commerciale di tessuto di lana fabbricato in Scozia e usato prevalentemente per la confezione di scialli. Oggi largamente impiegato per abiti maschili e femminili sportivi. ° Voce inglese, errata lettura per Twell, che è la forma scozzese dell'ingl. twill, per influsso forse di Tweed, nome del fiume della Scozia meridionale (Southern Uplands), nel cui bacino è fiorente l'industria tessile per i grandi allevamenti di pecore."
367,Sarga,,367,Saia,,"1-Tessuto i cui fili di trama si incrociano con quelli di ordito in modo sfalsato, formando linee diagonali. 2- in tessitura è un'armatura fondaamentale, detta anche sargia, spiga, spina, dalla quale derivano moltissime armature genericamente dette diagonali (spigati, batavie, levantine), perchè mostrano rigature oblique dovute al fatto che i punti di legatura dell'intreccio procedono lungo una diagonale più o meno obliqua a seconda del numero dei fili al cm. dell'ordito e della trama. Nel Medioevo indicava un tessuto spinato di lana per vesti femminili. lat. mediev. saia, sagla, in documenti di Firenze, Udine, venezia del XIII e XIV sec. Der. dal fr. a. saie (XIII sec.) a sua volta dal lat. saga, der. di sagum 'panno di lana usato come mantello militare', di origine gallica.","1-Tessuto i cui fili di trama si incrociano con quelli di ordito in modo sfalsato, formando linee diagonali. 2- in tessitura è un'armatura fondaamentale, detta anche sargia, spiga, spina, dalla quale derivano moltissime armature genericamente dette diagonali (spigati, batavie, levantine), perchè mostrano rigature oblique dovute al fatto che i punti di legatura dell'intreccio procedono lungo una diagonale più o meno obliqua a seconda del numero dei fili al cm. dell'ordito e della trama. Nel Medioevo indicava un tessuto spinato di lana per vesti femminili. lat. mediev. saia, sagla, in documenti di Firenze, Udine, venezia del XIII e XIV sec. Der. dal fr. a. saie (XIII sec.) a sua volta dal lat. saga, der. di sagum 'panno di lana usato come mantello militare', di origine gallica.",,"Twill, sargia, spiga,spina",,,,,,,,,,,,,,,"367--Saia--1-Tessuto i cui fili di trama si incrociano con quelli di ordito in modo sfalsato, formando linee diagonali. 2- in tessitura è un'armatura fondaamentale, detta anche sargia, spiga, spina, dalla quale derivano moltissime armature genericamente dette diagonali (spigati, batavie, levantine), perchè mostrano rigature oblique dovute al fatto che i punti di legatura dell'intreccio procedono lungo una diagonale più o meno obliqua a seconda del numero dei fili al cm. dell'ordito e della trama. Nel Medioevo indicava un tessuto spinato di lana per vesti femminili. lat. mediev. saia, sagla, in documenti di Firenze, Udine, venezia del XIII e XIV sec. Der. dal fr. a. saie (XIII sec.) a sua volta dal lat. saga, der. di sagum 'panno di lana usato come mantello militare', di origine gallica."
368,Seda,,,,,,,,,,,,,,,,,,,,,,,----
369,Seda ahogada,,,,,,,,,,,,,,,,,,,,,,,----
370,Seda cruda,,,,,,,,,,,,,,,,,,,,,,,----
371,Seda floja ,,,,,,,,,,,,,,,,,,,,,,,----
372,Seda salvaje,,,,,,,,,,,,,,,,,,,,,,,----
445,Seda torcida,,,,,,,,,,,,,,,,,,,,,,,----
373,Seda verde,,,,,,,,,,,,,,,,,,,,,,,----
374,Segrí,,,,,,,,,,,,,,,,,,,,,,,----
375,Sericicultura,,,,,,,,,,,,,,,,,,,,,,,----
376,Sericina,,,,,,,,,,,,,,,,,,,,,,,----
13,Surá,,,,,,,,,,,,,,,,,,,,,,,----
236,Tafetán,,,,,,,,,,,,,,,,,,,,,,,----
377,Tafetán,,,,,,,,,,,,,,,,,,,,,,,----
450,Telar,,,,,,,,,,,,,,,,,,,,,,,----
448,Telar  de varillas,,,,,,,,,,,,,,,,,,,,,,,----
451,Telar de botones ,,,,,,,,,,,,,,,,,,,,,,,----
446,Telar de cartones,,,,,,,,,,,,,,,,,,,,,,,----
449,Telar de tiro,,,,,,,,,,,,,,,,,,,,,,,----
447,Telar Jacquard,,,,,,,,,,,,,,,,,,,,,,,----
,,,,,,,,,,,,,,,,,,,,,,,,----
452,Teñido,,,,,,,,,,,,,,,,,,,,,,,----
453,Teñido en madeja,,,,,,,,,,,,,,,,,,,,,,,----
454,Teñido en pieza,,,,,,,,,,,,,,,,,,,,,,,----
379,Terciopelo,,,,,,,,,,,,,,,,,,,,,,,----
455,Terciopelo al sable,,,,,,,,,,,,,,,,,,,,,,,----
456,Terciopelo cincelado,,,,,,,,,,,,,,,,,,,,,,,----
457,Terciopelo cortado,,,,,,,,,,,,,,,,,,,,,,,----
458,Terciopelo de dos o más altos,,,,,,,,,,,,,,,,,,,,,,,----
460,Terciopelo gofrado,,,,,,,,,,,,,,,,,,,,,,,----
459,Terciopelo labrado,,,,,,,,,,,,,,,,,,,,,,,----
,,,,,,,,,,,,,,,,,,,,,,,,
461,Terciopelo por trama,,,,,,,,,,,,,,,,,,,,,,,----
462,Terciopelo recamado,,,,,,,,,,,,,,,,,,,,,,,----
463,Terciopelo rizado,,,,,,,,,,,,,,,,,,,,,,,----
464,Tirador de lazos ,,,,,,,,,,,,,,,,,,,,,,,----
380,Tiraz,,,,,,,,,,,,,,,,,,,,,,,----
381,Tiritaña,,,,,,,,,,,,,,,,,,,,,,,----
465,Tornasolado,,,,,,,,,,,,,,,,,,,,,,,----
382,Torsión,,,,,,,,,,,,,,,,,,,,,,,----
383,Hilo torzal,,,,,,,,,,,,,,,,,,,,,,,----
384,Trama,,,,,,,,,,,,,,,,,,,,,,,----
,,,,,,,,,,,,,,,,,,,,,,,,----
467,Trama,,,,,,,,,,,,,,,,,,,,,,,----
469,Trama de alma,,,,,,,,,,,,,,,,,,,,,,,----
468,Trama de base,,,,,,,,,,,,,,,,,,,,,,,----
471,Trama espolinada,,,,,,,,,,,,,,,,,,,,,,,----
470,Trama lanzada,,,,,,,,,,,,,,,,,,,,,,,----
472,Trama suplementaria,,,,,,,,,,,,,,,,,,,,,,,----
385,Tul,,,,,,,,,,,,,,,,,,,,,,,----
473,Tupido,,,,,,,,,,,,,,,,,,,,,,,----
386,Turquí,,,,,,,,,,,,,,,,,,,,,,,----
387,Urdimbre,,,,,,,,,,,,,,,,,,,,,,,----
388,Urdimbre base,,,,,,,,,,,,,,,,,,,,,,,----
389,Urdimbre de efecto,,,,,,,,,,,,,,,,,,,,,,,----
390,Urdimbre de fondo,,,,,,,,,,,,,,,,,,,,,,,----
391,Urdimbre de ligadura,,,,,,,,,,,,,,,,,,,,,,,----
475,Urdimbre de mecha,,,,,,,,,,,,,,,,,,,,,,,----
474,Urdimbre de pelo,,,,,,,,,,,,,,,,,,,,,,,----
392,Urdir,,,,,,,,,,,,,,,,,,,,,,,----
393,Vellutero,,,,,,,,,,,,,,,,,,,,,,,----
394,Verdeceledón,,,,,,,,,,,,,,,,,,,,,,,----
395,Zarzahán,,,,,,,,,,,,,,,,,,,,,,,----
477,Camino,,,,,,,,,,,,,,,,,,,,,,,----
478,Baba,,,,,,,,,,,,,,,,,,,,,,,----
,,,,,,,,,,,,,,,,,,,,,,,,----
,,,,,,,,,,,,,,,,,,,,,,,,----
481,Urdidor,,,,,,,,,,,,,,,,,,,,,,,----
482,Sarga compuesta,,,,,,,,,,,,,,,,,,,,,,,----
483,Título,,,,,,,,,,,,,,,,,,,,,,,----
484,Denier,,,,,,,,,,,,,,,,,,,,,,,----
485,Cabo,,,,,,,,,,,,,,,,,,,,,,,----
,,,,,,,,,,,,,,,,,,,,,,,,----
487,Filamento,,,,,,,,,,,,,,,,,,,,,,,----
488,Lino,,,,,,,,,,,,,,,,,,,,,,,----
489,Lustrado,,,,,,,,,,,,,,,,,,,,,,,----
490,Gobelino,,,,,,,,,,,,,,,,,,,,,,,----
,,,,,,,,,,,,,,,,,,,,,,,,----
492,Telar manual,,,,,,,,,,,,,,,,,,,,,,,----
493,Intervalo,,,,,,,,,,,,,,,,,,,,,,,----
494,Ligamento ligero,,,,,,,,,,,,,,,,,,,,,,,----
495,Plomo,,,,,,,,,,,,,,,,,,,,,,,----
496,Losange,,,,,,,,,,,,,,,,,,,,,,,----
497,Hilo metálico,,,,,,,,,,,,,,,,,,,,,,,----
498,Falla de urdimbre,,,,,,,,,,,,,,,,,,,,,,,----
499,Falla de trama,,,,,,,,,,,,,,,,,,,,,,,----
500,Falla de calada,,,,,,,,,,,,,,,,,,,,,,,----
501,Hilo torcido,,,,,,,,,,,,,,,,,,,,,,,----
502,Dibujo simétrico,,,,,,,,,,,,,,,,,,,,,,,----
503,Portada,,,,,,,,,,,,,,,,,,,,,,,----
504,Telar mecánico,,,,,,,,,,,,,,,,,,,,,,,----
,,,,,,,,,,,,,,,,,,,,,,,,----
506,Reversible,,,,,,,,,,,,,,,,,,,,,,,----
507,Tela a dos caras,,,,,,,,,,,,,,,,,,,,,,,----
508,Tisú,,,,,,,,,,,,,,,,,,,,,,,----
509,Armura,,,,,,,,,,,,,,,,,,,,,,,----
510,Ferronerie,,,,,,,,,,,,,,,,,,,,,,,----
511,Alluciolato,,,,,,,,,,,,,,,,,,,,,,,----
512,Atributos según técnica de tejido,,,,,,,,,,,,,,,,,,,,,,,----
513,Tejidos determinados por su origen geográfico ,,,,,,,,,,,,,,,,,,,,,,,----
514,Raso irregular,,,,,,,,,,,,,,,,,,,,,,,----
515,Raso reina,,,,,,,,,,,,,,,,,,,,,,,----
,,,,,,,,,,,,,,,,,,,,,,,,----
517,Teletón,,,,,,,,,,,,,,,,,,,,,,,----
518,Aceituní,,,,,,,,,,,,,,,,,,,,,,,----
519,Camino,,,,,,,,,,,,,,,,,,,,,,,----
,,,,,,,,,,,,,,,,,,,,,,,,----
521,Cartonaje,,,,,,,,,,,,,,,,,,,,,,,----
,,,,,,,,,,,,,,,,,,,,,,,,----
523,Telar de alto lizo,,,,,,,,,,,,,,,,,,,,,,,----
524,Telar de bajo lizo,,,,,,,,,,,,,,,,,,,,,,,----
525,Telar de lizos,,,,,,,,,,,,,,,,,,,,,,,----
526,Tisaje,,,,,,,,,,,,,,,,,,,,,,,----
527,Devanar,,,,,,,,,,,,,,,,,,,,,,,----
,,,,,,,,,,,,,,,,,,,,,,,,----
529,Rayón,,,,,,,,,,,,,,,,,,,,,,,----
530,Torcer,,,,,,,,,,,,,,,,,,,,,,,----
,,,,,,,,,,,,,,,,,,,,,,,,----
532,Muselina tornasol,,,,,,,,,,,,,,,,,,,,,,,----
533,Nobleza,,,,,,,,,,,,,,,,,,,,,,,----
534,Pana,,,,,,,,,,,,,,,,,,,,,,,----
535,Pana de seda,,,,,,,,,,,,,,,,,,,,,,,----
536,Paño de seda,,,,,,,,,,,,,,,,,,,,,,,----
537,Pasamanería ,,,,,,,,,,,,,,,,,,,,,,,----
538,Piel de seda,,,,,,,,,,,,,,,,,,,,,,,----
539,Raso de Lyon,,,,,,,,,,,,,,,,,,,,,,,----
540,Polonesa,,,,,,,,,,,,,,,,,,,,,,,----
541,Pongis,,,,,,,,,,,,,,,,,,,,,,,----
542,Pongis Lionés,,,,,,,,,,,,,,,,,,,,,,,----
543,Popelín,,,,,,,,,,,,,,,,,,,,,,,----
544,Popelín de seda,,,,,,,,,,,,,,,,,,,,,,,----
545,Popelín de Irlanda,,,,,,,,,,,,,,,,,,,,,,,----
546,Puntilla,,,,,,,,,,,,,,,,,,,,,,,----
547,Ramadés,,,,,,,,,,,,,,,,,,,,,,,----
548,Radiados,,,,,,,,,,,,,,,,,,,,,,,----
549,Rádium,,,,,,,,,,,,,,,,,,,,,,,----
550,Rasete,,,,,,,,,,,,,,,,,,,,,,,----
551,Raso compuesto,,,,,,,,,,,,,,,,,,,,,,,----
552,Raso de cuatro,,,,,,,,,,,,,,,,,,,,,,,----
553,Recamado,,,,,,,,,,,,,,,,,,,,,,,----
554,Raso duquesa,,,,,,,,,,,,,,,,,,,,,,,----
555,Raso Liberty,,,,,,,,,,,,,,,,,,,,,,,----
556,Reps,,,,,,,,,,,,,,,,,,,,,,,----
557,Reps de seda,,,,,,,,,,,,,,,,,,,,,,,----
558,Restaño,,,,,,,,,,,,,,,,,,,,,,,----
559,Sarga romana,,,,,,,,,,,,,,,,,,,,,,,----
600,Sarga interrumpida,,,,,,,,,,,,,,,,,,,,,,,----
601,Sarga satina,,,,,,,,,,,,,,,,,,,,,,,----
602,Sombreados,,,,,,,,,,,,,,,,,,,,,,,----
603,Tafetán a cuadros,,,,,,,,,,,,,,,,,,,,,,,----
604,Tafetán doble,,,,,,,,,,,,,,,,,,,,,,,----
605,Tafetán inglés,,,,,,,,,,,,,,,,,,,,,,,----
606,Tafetán listado,,,,,,,,,,,,,,,,,,,,,,,----
607,Tapinete,,,,,,,,,,,,,,,,,,,,,,,----
608,Tapiz,,,,,,,,,,,,,,,,,,,,,,,----
609,Tapiz de bajo lizo,,,,,,,,,,,,,,,,,,,,,,,----
610,Tercianela,,,,,,,,,,,,,,,,,,,,,,,----
611,Terciopelo liso,,,,,,,,,,,,,,,,,,,,,,,----
612,Terciopleo  Gregoire,,,,,,,,,,,,,,,,,,,,,,,----
613,Terciopleo de Génova,,,,,,,,,,,,,,,,,,,,,,,----
614,Terciopelo de Lyon,,,,,,,,,,,,,,,,,,,,,,,----
615,Terciopelo del Norte,,,,,,,,,,,,,,,,,,,,,,,----
616,Aguja,,,,,,,,,,,,,,,,,,,,,,,----
617,Algodón,,,,,,,,,,,,,,,,,,,,,,,----
618,Seda,,,,,,,,,,,,,,,,,,,,,,,----
619,Azul de Prusia,,,,,,,,,,,,,,,,,,,,,,,----
620,Azul de Sajonia,,,,,,,,,,,,,,,,,,,,,,,----
621,Puesta en carta,,,,,,,,,,,,,,,,,,,,,,,----
622,Cartón ,,,,,,,,,,,,,,,,,,,,,,,----
623,Cordón,,,,,,,,,,,,,,,,,,,,,,,----
624,Dejado,,,,,,,,,,,,,,,,,,,,,,,----
625,Tomado,,,,,,,,,,,,,,,,,,,,,,,----
626,Brin,,,,,,,,,,,,,,,,,,,,,,,----
627,Hilo de oro ,,,,,,,,,,,,,,,,,,,,,,,----
628,Hilo de plata,,,,,,,,,,,,,,,,,,,,,,,----
629,Tapicería,,,,,,,,,,,,,,,,,,,,,,,----
630,Tapicería fina,,,,,,,,,,,,,,,,,,,,,,,----
,,,,,,,,,,,,,,,,,,,,,,,,----
631,Tramar,,,,,,,,,,,,,,,,,,,,,,,----
632,Seda ocal,,,,,,,,,,,,,,,,,,,,,,,----
,,,,,,,,,,,,,,,,,,,,,,,,----
634,Cadarzo,,,,,,,,,,,,,,,,,,,,,,,----
635,Mezclilla,,,,,,,,,,,,,,,,,,,,,,,----
636,Tusor,,,,,,,,,,,,,,,,,,,,,,,----
637,Ligamento simple,,,,,,,,,,,,,,,,,,,,,,,----
638,Ligamento compuesto,,,,,,,,,,,,,,,,,,,,,,,----
639,Ligamento fundamental,,,,,,,,,,,,,,,,,,,,,,,----
640,Ligamento derivado,,,,,,,,,,,,,,,,,,,,,,,----
641,Sarga batavia,,,,,,,,,,,,,,,,,,,,,,,----
642,Área de tejido,,,,,,,,,,,,,,,,,,,,,,,----
643,Atributos según modificaciones del tejido,,,,,,,,,,,,,,,,,,,,,,,----
644,Lana,,,,,,,,,,,,,,,,,,,,,,,----
645,Elementos interfuncionales ,,,,,,,,,,,,,,,,,,,,,,,----
646,Urdidor,,,,,,,,,,,,,,,,,,,,,,,----
647,Devanador,,,,,,,,,,,,,,,,,,,,,,,----
649,,,,,,,,,,,,,,,,,,,,,,,,----
,,,,,,,,,,,,,,,,,,,,,,,,----
,,,,,,,,,,,,,,,,,,,,,,,,----
,,,,,,,,,,,,,,,,,,,,,,,,----
,,,,,,,,,,,,,,,,,,,,,,,,----
,,,,,,,,,,,,,,,,,,,,,,,,----
,,,,,,,,,,,,,,,,,,,,,,,,----
,,,,,,,,,,,,,,,,,,,,,,,,----
,,,,,,,,,,,,,,,,,,,,,,,,----
,,,,,,,,,,,,,,,,,,,,,,,,----
,,,,,,,,,,,,,,,,,,,,,,,,----
,,,,,,,,,,,,,,,,,,,,,,,,----
,,,,,,,,,,,,,,,,,,,,,,,,----
,,,,,,,,,,,,,,,,,,,,,,,,----
,,,,,,,,,,,,,,,,,,,,,,,,----
,,,,,,,,,,,,,,,,,,,,,,,,----
,,,,,,,,,,,,,,,,,,,,,,,,----
,,,,,,,,,,,,,,,,,,,,,,,,----
,,,,,,,,,,,,,,,,,,,,,,,,----